sale_year,town,flat_type,historical_group,lease_band_low,lease_band_high,n,median_lease_years,median_price_per_sqm,q25_price_per_sqm,q75_price_per_sqm,eligible
2025,ANG MO KIO,2 ROOM,historical_mature,50,55,12,52.5,7471.590909090909,7220.954545454545,7693.181818181818,False
2025,ANG MO KIO,2 ROOM,historical_mature,55,60,3,59.25,7955.555555555556,7900.0,7977.777777777777,False
2025,ANG MO KIO,2 ROOM,historical_mature,60,65,2,60.08333333333333,7516.666666666666,7486.111111111111,7547.222222222222,False
2025,ANG MO KIO,3 ROOM,historical_mature,45,50,11,49.666666666666664,5902.575342465753,5890.41095890411,6049.171948476795,False
2025,ANG MO KIO,3 ROOM,historical_mature,50,55,427,53.25,6136.986301369863,5945.945945945946,6396.060275962236,True
2025,ANG MO KIO,3 ROOM,historical_mature,55,60,67,58.083333333333336,6268.6567164179105,5965.746054519369,6779.76119402985,True
2025,ANG MO KIO,3 ROOM,historical_mature,60,65,2,60.04166666666667,6833.333333333334,6750.0,6916.666666666667,False
2025,ANG MO KIO,3 ROOM,historical_mature,85,90,15,86.41666666666667,10012.685714285713,9092.857142857143,10262.899786780385,False
2025,ANG MO KIO,3 ROOM,historical_mature,90,95,13,92.75,10630.70588235294,9558.823529411764,11000.0,False
2025,ANG MO KIO,4 ROOM,historical_mature,45,50,3,49.75,6439.024390243902,6028.790545637416,6451.219512195122,False
2025,ANG MO KIO,4 ROOM,historical_mature,50,55,155,53.083333333333336,6040.082474226804,5815.771960958296,6310.710498409332,True
2025,ANG MO KIO,4 ROOM,historical_mature,55,60,21,55.583333333333336,5921.846153846154,5824.175824175824,6236.559139784947,False
2025,ANG MO KIO,4 ROOM,historical_mature,65,70,4,66.5,6636.716931216932,6305.390211640212,6989.601936799185,False
2025,ANG MO KIO,4 ROOM,historical_mature,70,75,1,74.83333333333333,7222.222222222223,7222.222222222223,7222.222222222223,False
2025,ANG MO KIO,4 ROOM,historical_mature,75,80,27,76.75,9230.76923076923,8784.493284493285,9713.091960670909,False
2025,ANG MO KIO,4 ROOM,historical_mature,80,85,9,84.75,10119.648351648351,8842.105263157895,10977.777777777777,False
2025,ANG MO KIO,4 ROOM,historical_mature,85,90,18,86.25,9700.193423597679,9384.808510638297,10197.725605282465,False
2025,ANG MO KIO,4 ROOM,historical_mature,90,95,44,92.20833333333334,10537.63440860215,10077.956989247312,11332.924263674613,True
2025,ANG MO KIO,5 ROOM,historical_mature,50,55,50,53.83333333333333,6310.453781512605,6052.042768326843,6769.636498017872,True
2025,ANG MO KIO,5 ROOM,historical_mature,55,60,5,55.5,6220.472440944882,5866.141732283465,6740.740740740741,False
2025,ANG MO KIO,5 ROOM,historical_mature,65,70,15,68.16666666666667,7046.0,6790.338707661543,7477.322250639386,False
2025,ANG MO KIO,5 ROOM,historical_mature,70,75,7,70.41666666666667,7307.692307692308,7119.87969924812,9036.363636363636,False
2025,ANG MO KIO,5 ROOM,historical_mature,75,80,18,76.75,9325.253071253072,8784.090909090908,9724.745454545455,False
2025,ANG MO KIO,5 ROOM,historical_mature,80,85,5,84.75,10535.714285714286,10454.545454545454,11607.142857142857,False
2025,ANG MO KIO,5 ROOM,historical_mature,85,90,13,85.33333333333333,10844.444444444445,10267.857142857143,11607.142857142857,False
2025,ANG MO KIO,5 ROOM,historical_mature,90,95,10,91.91666666666667,9778.761061946901,9727.87610619469,10783.185840707965,False
2025,ANG MO KIO,EXECUTIVE,historical_mature,50,55,6,53.791666666666664,7108.611679163827,6795.046580322654,7419.33651442854,False
2025,ANG MO KIO,EXECUTIVE,historical_mature,55,60,1,55.083333333333336,5693.251533742331,5693.251533742331,5693.251533742331,False
2025,ANG MO KIO,EXECUTIVE,historical_mature,65,70,2,69.66666666666667,7461.915535444948,7417.232277526396,7506.5987933635,False
2025,ANG MO KIO,EXECUTIVE,historical_mature,70,75,5,70.41666666666667,7248.322147651007,7046.979865771812,7275.641025641025,False
2025,BEDOK,2 ROOM,historical_mature,50,55,8,51.958333333333336,7191.919191919193,6661.111111111111,7386.363636363636,False
2025,BEDOK,2 ROOM,historical_mature,55,60,10,59.666666666666664,7333.333333333333,7250.0,7433.333333333333,False
2025,BEDOK,2 ROOM,historical_mature,60,65,3,60.0,7333.333333333333,7233.333333333333,7388.888888888889,False
2025,BEDOK,2 ROOM,historical_mature,90,95,4,90.83333333333333,8106.382978723404,8005.319148936171,8303.191489361703,False
2025,BEDOK,3 ROOM,historical_mature,45,50,36,49.20833333333333,6038.461538461539,5687.141216991964,6464.615384615385,True
2025,BEDOK,3 ROOM,historical_mature,50,55,299,52.666666666666664,6254.237288135593,5970.149253731343,6470.588235294118,True
2025,BEDOK,3 ROOM,historical_mature,55,60,98,57.875,6338.308457711442,5936.483108108108,6579.29104477612,True
2025,BEDOK,3 ROOM,historical_mature,60,65,16,60.5,7087.053571428572,6742.1875,7340.356045081968,False
2025,BEDOK,3 ROOM,historical_mature,80,85,8,84.04166666666666,10311.594202898552,9789.62131837307,10616.935483870968,False
2025,BEDOK,3 ROOM,historical_mature,85,90,4,88.41666666666666,9813.432835820895,9696.149706015378,10031.15106286748,False
2025,BEDOK,3 ROOM,historical_mature,90,95,32,92.70833333333334,9434.782608695652,9077.20588235294,9852.941176470587,True
2025,BEDOK,3 ROOM,historical_mature,95,100,5,95.08333333333333,9927.536231884058,9811.59420289855,9983.884057971014,False
2025,BEDOK,4 ROOM,historical_mature,45,50,14,49.541666666666664,5881.374722838138,5801.829268292683,5975.609756097561,False
2025,BEDOK,4 ROOM,historical_mature,50,55,171,52.666666666666664,5847.826086956522,5652.173913043478,6077.380952380952,True
2025,BEDOK,4 ROOM,historical_mature,55,60,51,58.333333333333336,6075.268817204301,5792.778649921507,6406.509748316201,True
2025,BEDOK,4 ROOM,historical_mature,60,65,34,60.70833333333333,6898.142857142857,6497.02380952381,7107.371794871794,True
2025,BEDOK,4 ROOM,historical_mature,65,70,6,69.79166666666666,6435.907411009532,6219.788087056128,6650.943396226416,False
2025,BEDOK,4 ROOM,historical_mature,70,75,46,74.08333333333333,7040.0,6752.314814814815,7382.621272808188,True
2025,BEDOK,4 ROOM,historical_mature,75,80,21,79.58333333333333,7989.130434782609,7586.95652173913,8184.782608695652,False
2025,BEDOK,4 ROOM,historical_mature,80,85,18,84.04166666666666,9825.507459036438,9272.823206843606,10077.319587628866,False
2025,BEDOK,4 ROOM,historical_mature,85,90,12,88.125,9827.58620689655,9614.942528735633,10295.655172413793,False
2025,BEDOK,4 ROOM,historical_mature,90,95,61,92.25,9096.774193548386,8709.677419354839,9376.344086021505,True
2025,BEDOK,4 ROOM,historical_mature,95,100,13,95.0,9893.617021276596,9202.127659574468,10106.382978723404,False
2025,BEDOK,5 ROOM,historical_mature,45,50,16,49.0,6223.27878519829,5912.618083670714,6910.25641025641,False
2025,BEDOK,5 ROOM,historical_mature,50,55,60,52.75,5895.872420262664,5630.252100840336,6266.73350071736,True
2025,BEDOK,5 ROOM,historical_mature,55,60,29,56.916666666666664,5520.661157024793,5330.578512396694,5785.123966942148,False
2025,BEDOK,5 ROOM,historical_mature,60,65,10,62.5,6999.996153846154,6055.327868852459,7879.547081408212,False
2025,BEDOK,5 ROOM,historical_mature,65,70,19,67.25,6484.375,6361.580221537056,7032.520325203252,False
2025,BEDOK,5 ROOM,historical_mature,70,75,32,73.29166666666666,6797.797101449276,6569.459172852598,7225.396825396825,True
2025,BEDOK,5 ROOM,historical_mature,75,80,2,75.0,7369.565217391304,7206.521739130435,7532.608695652173,False
2025,BEDOK,5 ROOM,historical_mature,80,85,4,83.83333333333333,9206.909937888198,8733.685064935064,9346.079192546584,False
2025,BEDOK,5 ROOM,historical_mature,85,90,1,88.58333333333333,10761.904761904761,10761.904761904761,10761.904761904761,False
2025,BEDOK,5 ROOM,historical_mature,90,95,5,92.75,9115.044247787611,9026.548672566372,9185.840707964602,False
2025,BEDOK,EXECUTIVE,historical_mature,50,55,1,50.916666666666664,6397.515527950311,6397.515527950311,6397.515527950311,False
2025,BEDOK,EXECUTIVE,historical_mature,55,60,16,58.708333333333336,6484.375578336207,6383.756205184776,6790.204940039377,False
2025,BEDOK,EXECUTIVE,historical_mature,60,65,18,61.08333333333333,7101.4973962208005,6446.6621004566205,8123.287671232877,False
2025,BEDOK,EXECUTIVE,historical_mature,65,70,18,67.20833333333334,6795.931206285331,6653.154805575936,6935.60606060606,False
2025,BEDOK,EXECUTIVE,historical_mature,70,75,6,70.41666666666666,7345.762237762237,7229.499952102691,7527.776223776224,False
2025,BISHAN,3 ROOM,historical_mature,45,50,8,47.375,5661.538461538462,5252.441176470588,5675.8891402714935,False
2025,BISHAN,3 ROOM,historical_mature,55,60,29,59.166666666666664,8250.0,8059.701492537313,8468.75,False
2025,BISHAN,3 ROOM,historical_mature,60,65,24,61.416666666666664,8756.46875,8550.78125,9062.5,False
2025,BISHAN,4 ROOM,historical_mature,45,50,4,48.25,5796.022727272728,5735.795454545455,5836.079545454545,False
2025,BISHAN,4 ROOM,historical_mature,55,60,30,59.29166666666667,8181.776556776556,7661.904761904762,8523.411371237458,True
2025,BISHAN,4 ROOM,historical_mature,60,65,62,61.333333333333336,7953.176341730559,7561.115959419658,8363.453815261046,True
2025,BISHAN,4 ROOM,historical_mature,65,70,69,66.0,7865.384615384615,7389.380530973452,8095.238095238095,True
2025,BISHAN,4 ROOM,historical_mature,70,75,7,72.25,8280.0,8257.64705882353,8942.941176470587,False
2025,BISHAN,4 ROOM,historical_mature,80,85,5,84.83333333333333,11473.684210526315,11052.631578947368,11789.473684210527,False
2025,BISHAN,4 ROOM,historical_mature,85,90,1,85.33333333333333,11368.421052631578,11368.421052631578,11368.421052631578,False
2025,BISHAN,5 ROOM,historical_mature,55,60,7,58.916666666666664,7834.710743801653,7685.9504132231405,8162.033333333333,False
2025,BISHAN,5 ROOM,historical_mature,60,65,57,61.333333333333336,8099.173553719008,7693.2231404958675,8388.429752066115,True
2025,BISHAN,5 ROOM,historical_mature,65,70,11,66.16666666666667,8248.175182481751,8028.92561983471,8524.449035812671,False
2025,BISHAN,5 ROOM,historical_mature,70,75,12,71.91666666666666,8719.512195121952,8672.89860915138,8928.184371430492,False
2025,BISHAN,5 ROOM,historical_mature,80,85,3,84.91666666666667,11083.333333333334,10703.7,12341.666666666668,False
2025,BISHAN,5 ROOM,historical_mature,85,90,8,85.375,12241.666666666668,11916.666666666666,12520.833333333334,False
2025,BISHAN,EXECUTIVE,historical_mature,55,60,3,58.916666666666664,8698.630136986301,8463.239119126061,8920.261014439096,False
2025,BISHAN,EXECUTIVE,historical_mature,60,65,12,61.25,8878.615805946793,8452.083333333334,9337.423312883435,False
2025,BISHAN,EXECUTIVE,historical_mature,65,70,23,65.83333333333333,8219.17808219178,7757.7565091173,8923.387462578245,False
2025,BISHAN,MULTI-GENERATION,historical_mature,60,65,1,61.166666666666664,8417.50303030303,8417.50303030303,8417.50303030303,False
2025,BUKIT BATOK,2 ROOM,historical_non_mature,90,95,79,93.58333333333333,8191.489361702128,7872.340425531915,8594.553191489362,True
2025,BUKIT BATOK,3 ROOM,historical_non_mature,55,60,159,58.833333333333336,5958.904109589041,5770.27027027027,6176.470588235294,True
2025,BUKIT BATOK,3 ROOM,historical_non_mature,60,65,113,61.25,6027.397260273972,5852.941176470588,6250.0,True
2025,BUKIT BATOK,3 ROOM,historical_non_mature,90,95,64,92.83333333333333,7776.119402985074,7453.632572431958,7996.268656716417,True
2025,BUKIT BATOK,3 ROOM,historical_non_mature,95,100,2,95.04166666666666,7551.470588235294,7341.911764705883,7761.029411764706,False
2025,BUKIT BATOK,4 ROOM,historical_non_mature,55,60,116,58.833333333333336,5503.840245775729,5244.115384615385,5740.754567282597,True
2025,BUKIT BATOK,4 ROOM,historical_non_mature,60,65,78,60.833333333333336,5631.0679611650485,5371.174994023429,5840.3558052434455,True
2025,BUKIT BATOK,4 ROOM,historical_non_mature,70,75,38,71.75,5990.291262135923,5727.631829430801,6381.836970104778,True
2025,BUKIT BATOK,4 ROOM,historical_non_mature,75,80,30,78.625,6533.449275362318,6250.0,6727.956521739131,True
2025,BUKIT BATOK,4 ROOM,historical_non_mature,90,95,262,93.0,7365.591397849463,6989.247311827957,7688.1720430107525,True
2025,BUKIT BATOK,4 ROOM,historical_non_mature,95,100,24,95.16666666666667,7284.94623655914,6989.247311827957,7373.655913978495,False
2025,BUKIT BATOK,5 ROOM,historical_non_mature,55,60,32,58.875,5626.961518033895,5393.2835820895525,5871.212121212121,True
2025,BUKIT BATOK,5 ROOM,historical_non_mature,60,65,19,60.666666666666664,5327.868852459016,5092.213114754099,5422.131147540984,False
2025,BUKIT BATOK,5 ROOM,historical_non_mature,65,70,1,69.5,5880.5970149253735,5880.5970149253735,5880.5970149253735,False
2025,BUKIT BATOK,5 ROOM,historical_non_mature,70,75,17,71.5,6198.347107438017,5983.606557377049,6991.525423728814,False
2025,BUKIT BATOK,5 ROOM,historical_non_mature,75,80,20,78.5,6266.474576271186,5995.762711864407,6576.086956521739,False
2025,BUKIT BATOK,5 ROOM,historical_non_mature,90,95,155,92.83333333333333,7339.285714285715,7079.646017699115,7755.609987357775,True
2025,BUKIT BATOK,5 ROOM,historical_non_mature,95,100,23,95.16666666666667,7256.637168141593,6924.778761061947,7389.380530973452,False
2025,BUKIT BATOK,EXECUTIVE,historical_non_mature,55,60,35,58.916666666666664,5862.068965517241,5656.462585034014,6072.2193548387095,True
2025,BUKIT BATOK,EXECUTIVE,historical_non_mature,60,65,19,60.583333333333336,5821.917808219178,5475.643835616438,5939.978370583995,False
2025,BUKIT BATOK,EXECUTIVE,historical_non_mature,65,70,5,66.66666666666667,5655.172413793103,5598.666666666667,6103.448275862069,False
2025,BUKIT BATOK,EXECUTIVE,historical_non_mature,70,75,13,71.5,6638.297872340426,6297.872340425532,6827.771428571428,False
2025,BUKIT MERAH,1 ROOM,historical_mature,45,50,5,48.833333333333336,8709.677419354839,8673.806451612903,8709.677419354839,False
2025,BUKIT MERAH,2 ROOM,historical_mature,40,45,13,43.25,6279.069767441861,5957.446808510638,6860.46511627907,False
2025,BUKIT MERAH,2 ROOM,historical_mature,45,50,8,46.791666666666664,7897.058823529412,6875.0,8506.716417910447,False
2025,BUKIT MERAH,2 ROOM,historical_mature,50,55,5,51.333333333333336,7000.0,6818.181818181818,7568.181818181818,False
2025,BUKIT MERAH,2 ROOM,historical_mature,85,90,2,86.66666666666666,11574.468085106382,11510.638297872341,11638.297872340425,False
2025,BUKIT MERAH,2 ROOM,historical_mature,90,95,1,92.75,11040.170212765957,11040.170212765957,11040.170212765957,False
2025,BUKIT MERAH,3 ROOM,historical_mature,40,45,41,43.25,6259.259259259259,5933.333333333333,6629.62962962963,True
2025,BUKIT MERAH,3 ROOM,historical_mature,45,50,109,48.666666666666664,6150.64406779661,5675.2,6584.615384615385,True
2025,BUKIT MERAH,3 ROOM,historical_mature,50,55,55,51.916666666666664,6162.507462686567,5892.7327606222425,6932.289770658901,True
2025,BUKIT MERAH,3 ROOM,historical_mature,55,60,50,56.875,6587.22294654498,6335.64598880597,6922.972972972973,True
2025,BUKIT MERAH,3 ROOM,historical_mature,75,80,7,76.75,11666.666666666666,11525.0,11941.666666666666,False
2025,BUKIT MERAH,3 ROOM,historical_mature,80,85,8,82.54166666666666,12000.0,11812.5,12245.366666666667,False
2025,BUKIT MERAH,3 ROOM,historical_mature,85,90,32,87.04166666666666,11904.715552671425,11376.811594202898,12152.173913043476,True
2025,BUKIT MERAH,3 ROOM,historical_mature,90,95,47,92.58333333333333,10808.823529411764,10118.737159789289,11330.882352941177,True
2025,BUKIT MERAH,4 ROOM,historical_mature,40,45,8,44.04166666666667,6472.972972972973,6106.418918918919,6744.594594594594,False
2025,BUKIT MERAH,4 ROOM,historical_mature,45,50,13,48.666666666666664,6463.414634146341,6136.363636363636,6585.365853658536,False
2025,BUKIT MERAH,4 ROOM,historical_mature,50,55,16,51.70833333333333,6694.039655996177,6594.3877551020405,6847.826086956522,False
2025,BUKIT MERAH,4 ROOM,historical_mature,55,60,37,58.666666666666664,6682.692307692308,6504.854368932039,7809.523809523809,True
2025,BUKIT MERAH,4 ROOM,historical_mature,60,65,7,60.25,7738.0952380952385,7440.476190476191,7857.142857142857,False
2025,BUKIT MERAH,4 ROOM,historical_mature,65,70,2,69.16666666666666,8182.242990654206,7960.280373831775,8404.205607476635,False
2025,BUKIT MERAH,4 ROOM,historical_mature,70,75,24,71.25,8201.111111111111,7642.261904761905,8922.35294117647,False
2025,BUKIT MERAH,4 ROOM,historical_mature,75,80,113,76.83333333333333,9911.826086956522,8922.222222222223,10658.823529411764,True
2025,BUKIT MERAH,4 ROOM,historical_mature,80,85,24,82.54166666666666,10766.666666666666,10163.888888888889,11000.0,False
2025,BUKIT MERAH,4 ROOM,historical_mature,85,90,51,87.16666666666667,11542.553191489362,10903.225806451614,12261.78483791812,True
2025,BUKIT MERAH,4 ROOM,historical_mature,90,95,88,92.58333333333333,10613.032776266355,10212.616409537168,11496.408602150537,True
2025,BUKIT MERAH,5 ROOM,historical_mature,45,50,6,48.25,8606.837606837606,7070.962663067926,8712.719298245614,False
2025,BUKIT MERAH,5 ROOM,historical_mature,50,55,28,51.583333333333336,6570.837751855779,6149.572649572649,6991.933935087382,False
2025,BUKIT MERAH,5 ROOM,historical_mature,55,60,13,57.583333333333336,8549.898305084746,7407.407407407408,9406.77966101695,False
2025,BUKIT MERAH,5 ROOM,historical_mature,65,70,7,68.75,9126.984126984127,9031.740765317409,9568.002863278454,False
2025,BUKIT MERAH,5 ROOM,historical_mature,70,75,30,72.66666666666667,8485.839471678944,7367.446573323507,9485.671875,True
2025,BUKIT MERAH,5 ROOM,historical_mature,75,80,58,77.16666666666667,9818.181818181818,9037.734029484029,10660.599999999999,True
2025,BUKIT MERAH,5 ROOM,historical_mature,80,85,6,80.54166666666666,9864.426877470356,7693.028485757121,10300.0,False
2025,BUKIT MERAH,5 ROOM,historical_mature,85,90,12,88.375,12319.684210526317,11946.385964912279,13040.178571428572,False
2025,BUKIT MERAH,5 ROOM,historical_mature,90,95,7,92.58333333333333,12699.115044247788,12578.22376738306,12889.143489254107,False
2025,BUKIT PANJANG,2 ROOM,historical_non_mature,85,90,25,88.58333333333333,7872.340425531915,7553.191489361702,8297.872340425532,False
2025,BUKIT PANJANG,3 ROOM,historical_non_mature,60,65,51,62.166666666666664,6027.397260273972,5753.424657534247,6218.75,True
2025,BUKIT PANJANG,3 ROOM,historical_non_mature,85,90,43,89.0,7432.835820895522,7125.042142230026,7614.793678665496,True
2025,BUKIT PANJANG,3 ROOM,historical_non_mature,90,95,7,90.08333333333333,7132.35294117647,6882.35294117647,7426.470588235294,False
2025,BUKIT PANJANG,4 ROOM,historical_non_mature,60,65,111,62.25,5252.42718446602,5096.153846153846,5496.017857142857,True
2025,BUKIT PANJANG,4 ROOM,historical_non_mature,70,75,80,72.0,6000.0,5584.740827023878,6657.083015993907,True
2025,BUKIT PANJANG,4 ROOM,historical_non_mature,75,80,75,76.41666666666667,6210.526315789473,5820.04347826087,6612.007168458782,True
2025,BUKIT PANJANG,4 ROOM,historical_non_mature,85,90,114,89.08333333333333,6739.130434782609,6559.139784946236,7096.774193548387,True
2025,BUKIT PANJANG,4 ROOM,historical_non_mature,90,95,3,90.75,6827.956989247312,6693.548387096775,6844.086021505376,False
2025,BUKIT PANJANG,5 ROOM,historical_non_mature,60,65,30,62.625,5450.819672131147,5133.196721311475,5634.4668744072615,True
2025,BUKIT PANJANG,5 ROOM,historical_non_mature,70,75,67,72.41666666666667,6446.280991735537,5691.629476584022,7115.702479338843,True
2025,BUKIT PANJANG,5 ROOM,historical_non_mature,75,80,77,76.16666666666667,6254.545454545455,5545.454545454545,6681.818181818182,True
2025,BUKIT PANJANG,5 ROOM,historical_non_mature,85,90,24,89.33333333333333,6579.646017699115,6427.623261694058,6762.5309734513285,False
2025,BUKIT PANJANG,5 ROOM,historical_non_mature,90,95,11,90.41666666666667,7017.699115044248,6814.159292035398,7123.8938053097345,False
2025,BUKIT PANJANG,EXECUTIVE,historical_non_mature,60,65,39,62.333333333333336,5897.260273972603,5694.444444444444,6079.290334855403,True
2025,BUKIT PANJANG,EXECUTIVE,historical_non_mature,70,75,20,72.875,6714.285714285714,6037.074993971546,7042.2535211267605,False
2025,BUKIT PANJANG,EXECUTIVE,historical_non_mature,75,80,21,75.83333333333333,5884.615384615385,5424.0,6923.076923076923,False
2025,BUKIT TIMAH,3 ROOM,historical_mature,45,50,7,48.166666666666664,7076.923076923077,6815.068493150685,7708.632311372037,False
2025,BUKIT TIMAH,3 ROOM,historical_mature,50,55,1,50.25,7059.815384615385,7059.815384615385,7059.815384615385,False
2025,BUKIT TIMAH,3 ROOM,historical_mature,60,65,2,62.66666666666667,9397.5625,9386.28125,9408.84375,False
2025,BUKIT TIMAH,4 ROOM,historical_mature,45,50,5,47.666666666666664,7010.989010989011,6868.131868131868,7362.6373626373625,False
2025,BUKIT TIMAH,4 ROOM,historical_mature,60,65,12,62.5,8980.76923076923,8817.307692307691,9232.903846153846,False
2025,BUKIT TIMAH,5 ROOM,historical_mature,45,50,5,48.083333333333336,8048.780487804878,7720.0,8130.081300813008,False
2025,BUKIT TIMAH,5 ROOM,historical_mature,60,65,13,62.5,9754.098360655738,9531.25,10081.967213114754,False
2025,BUKIT TIMAH,EXECUTIVE,historical_mature,60,65,9,62.333333333333336,9453.333333333334,8972.602739726028,9750.357142857143,False
2025,CENTRAL AREA,2 ROOM,historical_mature,40,45,2,44.75,5981.8308874912655,5953.878406708595,6009.783368273935,False
2025,CENTRAL AREA,2 ROOM,historical_mature,45,50,3,47.416666666666664,8222.222222222223,7119.488469601678,8222.222222222223,False
2025,CENTRAL AREA,2 ROOM,historical_mature,55,60,5,56.5,7536.307692307692,7500.0,7564.096153846154,False
2025,CENTRAL AREA,3 ROOM,historical_mature,45,50,15,48.0,7384.615384615385,7159.151193633952,7639.217704580546,False
2025,CENTRAL AREA,3 ROOM,historical_mature,50,55,38,51.0,8835.366101694915,8326.271186440677,9274.949152542373,True
2025,CENTRAL AREA,3 ROOM,historical_mature,55,60,19,58.0,7972.972972972973,7362.030303030303,8547.727272727272,False
2025,CENTRAL AREA,3 ROOM,historical_mature,60,65,2,60.375,9235.29411764706,9161.764705882353,9308.823529411766,False
2025,CENTRAL AREA,4 ROOM,historical_mature,45,50,1,47.916666666666664,7116.883116883117,7116.883116883117,7116.883116883117,False
2025,CENTRAL AREA,4 ROOM,historical_mature,50,55,10,54.25,9643.903614457831,9498.530708198648,9984.756097560974,False
2025,CENTRAL AREA,4 ROOM,historical_mature,55,60,14,57.5,7167.871789337362,6701.101112952877,7660.1051037677025,False
2025,CENTRAL AREA,4 ROOM,historical_mature,75,80,5,76.58333333333333,8294.117647058823,8000.0,9040.0,False
2025,CENTRAL AREA,4 ROOM,historical_mature,80,85,32,84.5,14666.666666666668,14054.099462365592,14960.526315789473,True
2025,CENTRAL AREA,4 ROOM,historical_mature,85,90,6,85.08333333333333,14084.994400895856,13768.42105263158,14827.556623198352,False
2025,CENTRAL AREA,5 ROOM,historical_mature,55,60,4,58.08333333333333,7688.533844457281,7407.955174322081,8056.042173560421,False
2025,CENTRAL AREA,5 ROOM,historical_mature,75,80,2,75.83333333333333,7695.238095238095,7600.0,7790.47619047619,False
2025,CENTRAL AREA,5 ROOM,historical_mature,80,85,13,84.5,14603.77358490566,13925.233644859813,14859.81308411215,False
2025,CENTRAL AREA,5 ROOM,historical_mature,85,90,1,85.0,14622.641509433963,14622.641509433963,14622.641509433963,False
2025,CHOA CHU KANG,2 ROOM,historical_non_mature,80,85,1,84.83333333333333,7391.304347826087,7391.304347826087,7391.304347826087,False
2025,CHOA CHU KANG,2 ROOM,historical_non_mature,85,90,9,88.83333333333333,7500.0,7404.255319148936,7606.382978723404,False
2025,CHOA CHU KANG,2 ROOM,historical_non_mature,90,95,3,91.16666666666667,7446.808510638298,7425.531914893617,7553.191489361702,False
2025,CHOA CHU KANG,3 ROOM,historical_non_mature,50,55,5,52.75,5378.378378378378,5337.8378378378375,5447.761194029851,False
2025,CHOA CHU KANG,3 ROOM,historical_non_mature,55,60,8,58.29166666666667,5634.378378378378,5591.216216216217,5692.5675675675675,False
2025,CHOA CHU KANG,3 ROOM,historical_non_mature,60,65,6,63.20833333333333,5780.054794520548,5753.424657534247,5848.931506849315,False
2025,CHOA CHU KANG,3 ROOM,historical_non_mature,85,90,14,88.5,7355.386303775242,7066.505706760316,7522.972344161545,False
2025,CHOA CHU KANG,3 ROOM,historical_non_mature,90,95,27,91.08333333333333,7426.470588235294,7133.5601404741,7582.089552238806,False
2025,CHOA CHU KANG,4 ROOM,historical_non_mature,50,55,12,52.58333333333333,4907.608695652174,4672.101449275363,5081.521739130436,False
2025,CHOA CHU KANG,4 ROOM,historical_non_mature,55,60,6,56.79166666666667,4850.26138909634,4840.570719602978,4898.374841705361,False
2025,CHOA CHU KANG,4 ROOM,historical_non_mature,60,65,38,63.5,5240.384615384615,4857.12285287528,5480.776442307692,True
2025,CHOA CHU KANG,4 ROOM,historical_non_mature,65,70,118,67.20833333333334,5296.854138851802,5104.166666666666,5475.067385444743,True
2025,CHOA CHU KANG,4 ROOM,historical_non_mature,70,75,144,72.58333333333333,5377.559633027523,5165.072575218686,5586.229487069335,True
2025,CHOA CHU KANG,4 ROOM,historical_non_mature,75,80,44,76.5,5714.285714285715,5555.555555555556,5894.133333333333,True
2025,CHOA CHU KANG,4 ROOM,historical_non_mature,85,90,21,89.58333333333333,6304.347826086957,6141.304347826087,6591.397849462365,False
2025,CHOA CHU KANG,4 ROOM,historical_non_mature,90,95,98,91.08333333333333,6459.502103786816,6290.322580645161,6769.363487611034,True
2025,CHOA CHU KANG,5 ROOM,historical_non_mature,50,55,8,52.416666666666664,4794.117647058823,4653.361344537815,5055.9701492537315,False
2025,CHOA CHU KANG,5 ROOM,historical_non_mature,60,65,21,63.0,5123.966942148761,5081.9672131147545,5368.852459016393,False
2025,CHOA CHU KANG,5 ROOM,historical_non_mature,65,70,91,68.08333333333333,5373.134328358209,5173.208089027163,5603.171234537958,True
2025,CHOA CHU KANG,5 ROOM,historical_non_mature,70,75,97,72.91666666666667,5333.333333333333,5142.857142857143,5614.754098360656,True
2025,CHOA CHU KANG,5 ROOM,historical_non_mature,75,80,69,76.5,5272.727272727273,5136.363636363636,5409.090909090909,True
2025,CHOA CHU KANG,5 ROOM,historical_non_mature,85,90,6,89.58333333333333,6268.920353982301,6245.327433628319,6280.725663716814,False
2025,CHOA CHU KANG,5 ROOM,historical_non_mature,90,95,84,91.04166666666666,6349.557522123894,6094.389380530974,6507.782869785082,True
2025,CHOA CHU KANG,EXECUTIVE,historical_non_mature,60,65,20,63.0,5774.891973889859,5476.027397260274,5870.996527107853,False
2025,CHOA CHU KANG,EXECUTIVE,historical_non_mature,65,70,45,67.25,5691.275167785235,5454.545454545455,5921.0526315789475,True
2025,CHOA CHU KANG,EXECUTIVE,historical_non_mature,70,75,31,72.41666666666667,5567.375886524823,5240.92970521542,5950.773430391265,True
2025,CHOA CHU KANG,EXECUTIVE,historical_non_mature,75,80,1,76.83333333333333,6040.0,6040.0,6040.0,False
2025,CLEMENTI,2 ROOM,historical_mature,85,90,5,87.16666666666667,9300.0,8632.65306122449,9693.877551020409,False
2025,CLEMENTI,3 ROOM,historical_mature,50,55,185,53.333333333333336,6102.941176470588,5731.707317073171,6524.390243902439,True
2025,CLEMENTI,3 ROOM,historical_mature,55,60,35,57.333333333333336,5852.941176470588,5588.235294117647,6101.351351351352,True
2025,CLEMENTI,3 ROOM,historical_mature,85,90,18,87.75,9890.765765765766,9775.342465753425,11037.5,False
2025,CLEMENTI,3 ROOM,historical_mature,90,95,5,91.08333333333333,10144.927536231884,9782.608695652174,10289.855072463768,False
2025,CLEMENTI,4 ROOM,historical_mature,50,55,76,52.70833333333333,6283.7528604119,5778.927068723703,6721.716947648625,True
2025,CLEMENTI,4 ROOM,historical_mature,55,60,16,56.70833333333333,6032.967032967033,5466.446175184039,6601.767797419971,False
2025,CLEMENTI,4 ROOM,historical_mature,75,80,4,76.875,9511.11111111111,9461.111111111111,9583.333333333332,False
2025,CLEMENTI,4 ROOM,historical_mature,80,85,4,80.625,9733.333333333332,9402.777777777777,10072.222222222223,False
2025,CLEMENTI,4 ROOM,historical_mature,85,90,55,87.66666666666667,10314.0,9479.166666666668,11899.3,True
2025,CLEMENTI,4 ROOM,historical_mature,90,95,53,92.75,12068.965517241379,11268.817204301075,12977.290322580646,True
2025,CLEMENTI,4 ROOM,historical_mature,95,100,1,95.0,12688.172043010753,12688.172043010753,12688.172043010753,False
2025,CLEMENTI,5 ROOM,historical_mature,50,55,27,52.25,6495.726495726496,5860.52836052836,7055.411908353084,False
2025,CLEMENTI,5 ROOM,historical_mature,55,60,10,58.375,6905.697775986025,6268.595041322314,7371.900826446282,False
2025,CLEMENTI,5 ROOM,historical_mature,60,65,1,60.333333333333336,7851.239669421488,7851.239669421488,7851.239669421488,False
2025,CLEMENTI,5 ROOM,historical_mature,75,80,4,76.45833333333333,9295.454545454544,9052.272727272726,9534.09090909091,False
2025,CLEMENTI,5 ROOM,historical_mature,80,85,1,80.0,8080.808,8080.808,8080.808,False
2025,CLEMENTI,5 ROOM,historical_mature,85,90,14,87.58333333333334,10002.925473561034,9482.300884955752,10566.296685165744,False
2025,CLEMENTI,5 ROOM,historical_mature,90,95,27,94.5,11946.902654867257,11026.548672566372,12424.107142857143,False
2025,CLEMENTI,EXECUTIVE,historical_mature,50,55,1,51.5,7042.944785276074,7042.944785276074,7042.944785276074,False
2025,CLEMENTI,EXECUTIVE,historical_mature,55,60,10,58.666666666666664,6936.559042263741,6714.246575342466,7218.215664644236,False
2025,GEYLANG,2 ROOM,historical_mature,40,45,15,44.083333333333336,6904.761904761905,6500.0,7156.4047619047615,False
2025,GEYLANG,2 ROOM,historical_mature,45,50,2,46.95833333333333,6445.652173913044,6353.260869565217,6538.04347826087,False
2025,GEYLANG,2 ROOM,historical_mature,55,60,3,59.5,7177.777777777777,7086.666666666666,7444.444444444444,False
2025,GEYLANG,3 ROOM,historical_mature,40,45,131,42.333333333333336,5762.71186440678,5470.074350907901,6021.4389071591195,True
2025,GEYLANG,3 ROOM,historical_mature,45,50,23,47.25,6034.482758620689,5869.63097398669,6165.158371040724,False
2025,GEYLANG,3 ROOM,historical_mature,50,55,54,51.166666666666664,6177.016949152543,5947.225930680359,6534.3410068302555,True
2025,GEYLANG,3 ROOM,historical_mature,55,60,48,57.29166666666667,7365.494978479197,6885.020613834173,7560.1560319042865,True
2025,GEYLANG,3 ROOM,historical_mature,70,75,6,73.625,7578.125,7554.6875,7578.125,False
2025,GEYLANG,3 ROOM,historical_mature,80,85,11,80.83333333333333,10833.333333333334,10625.0,11083.333333333332,False
2025,GEYLANG,3 ROOM,historical_mature,90,95,32,92.45833333333334,11170.324846356452,10757.462686567165,11470.588235294117,True
2025,GEYLANG,4 ROOM,historical_mature,40,45,2,42.375,5901.031799930895,5688.18136326268,6113.882236599111,False
2025,GEYLANG,4 ROOM,historical_mature,45,50,9,49.416666666666664,5681.818181818182,5318.181818181818,6880.434782608696,False
2025,GEYLANG,4 ROOM,historical_mature,50,55,42,52.125,6402.173913043478,6070.891065456283,6794.672718585762,True
2025,GEYLANG,4 ROOM,historical_mature,55,60,67,59.083333333333336,6726.190476190476,6420.478021978022,6995.947315096251,True
2025,GEYLANG,4 ROOM,historical_mature,60,65,4,62.125,6562.728937728938,6379.807692307692,6708.333333333333,False
2025,GEYLANG,4 ROOM,historical_mature,65,70,2,68.08333333333334,8127.43772893773,8000.680402930403,8254.195054945056,False
2025,GEYLANG,4 ROOM,historical_mature,70,75,21,71.83333333333333,8333.333333333334,7883.21568627451,9313.725490196079,False
2025,GEYLANG,4 ROOM,historical_mature,75,80,4,78.66666666666666,10305.755850727386,9853.795066413662,10858.633776091081,False
2025,GEYLANG,4 ROOM,historical_mature,80,85,9,80.66666666666667,10647.058823529413,10500.0,10777.777777777777,False
2025,GEYLANG,4 ROOM,historical_mature,85,90,7,85.5,10000.0,9805.263157894737,10073.094736842104,False
2025,GEYLANG,4 ROOM,historical_mature,90,95,60,93.75,10761.177419354837,10521.570564516129,11133.232526881722,True
2025,GEYLANG,5 ROOM,historical_mature,45,50,3,49.75,6483.050847457627,6432.203389830509,6546.610169491525,False
2025,GEYLANG,5 ROOM,historical_mature,50,55,18,51.20833333333333,6405.276848755109,6133.387028995658,6730.3165290453435,False
2025,GEYLANG,5 ROOM,historical_mature,55,60,17,57.833333333333336,6776.859504132231,6188.524590163935,7183.098591549296,False
2025,GEYLANG,5 ROOM,historical_mature,60,65,10,62.875,5995.83553675304,5830.248545742992,6328.381147540984,False
2025,GEYLANG,5 ROOM,historical_mature,65,70,4,65.91666666666666,6893.9890710382515,6516.393442622951,7166.652572074619,False
2025,GEYLANG,5 ROOM,historical_mature,70,75,15,73.5,10090.09009009009,8158.457855795735,10958.333333333332,False
2025,GEYLANG,5 ROOM,historical_mature,75,80,4,78.66666666666666,8909.090909090908,8608.836363636365,9200.450450450451,False
2025,GEYLANG,EXECUTIVE,historical_mature,55,60,3,59.75,6424.657534246576,6008.381398702235,6842.465753424658,False
2025,GEYLANG,EXECUTIVE,historical_mature,60,65,13,60.833333333333336,7291.666666666667,6861.111111111111,7842.465753424657,False
2025,HOUGANG,2 ROOM,historical_non_mature,85,90,10,86.41666666666667,7750.0,7595.744680851064,7962.765957446809,False
2025,HOUGANG,2 ROOM,historical_non_mature,90,95,55,94.0,8212.765957446809,7978.723404255319,8617.021276595744,True
2025,HOUGANG,3 ROOM,historical_non_mature,45,50,17,49.083333333333336,5932.203389830508,5559.322033898305,6101.6949152542375,False
2025,HOUGANG,3 ROOM,historical_non_mature,50,55,24,51.95833333333333,5821.917808219178,5667.808219178082,6031.741975056225,False
2025,HOUGANG,3 ROOM,historical_non_mature,55,60,136,57.25,6418.28855721393,6079.04961678096,6764.705882352941,True
2025,HOUGANG,3 ROOM,historical_non_mature,60,65,73,61.25,6562.5,6324.324324324324,6750.0,True
2025,HOUGANG,3 ROOM,historical_non_mature,65,70,8,67.04166666666666,7220.338983050848,7016.474576271186,7457.627118644068,False
2025,HOUGANG,3 ROOM,historical_non_mature,85,90,24,88.45833333333334,7696.121212121212,7616.220368744513,8506.090869183496,False
2025,HOUGANG,3 ROOM,historical_non_mature,90,95,44,93.16666666666667,7794.117647058823,7500.0,8054.667519181586,True
2025,HOUGANG,4 ROOM,historical_non_mature,45,50,5,49.25,5707.317073170731,5634.1463414634145,5731.707317073171,False
2025,HOUGANG,4 ROOM,historical_non_mature,50,55,10,52.08333333333333,5224.489795918367,5121.591836734694,5434.782608695652,False
2025,HOUGANG,4 ROOM,historical_non_mature,55,60,96,58.833333333333336,5985.32380952381,5726.404966392831,6251.179245283019,True
2025,HOUGANG,4 ROOM,historical_non_mature,60,65,122,61.333333333333336,6285.714285714285,5953.049759229534,6492.870612397311,True
2025,HOUGANG,4 ROOM,historical_non_mature,65,70,38,66.5,6111.370425690814,5836.936519790888,6452.887537993921,True
2025,HOUGANG,4 ROOM,historical_non_mature,70,75,87,71.91666666666667,6105.88,5831.683168316831,6437.525106382978,True
2025,HOUGANG,4 ROOM,historical_non_mature,75,80,24,77.33333333333333,6514.7058823529405,6261.764705882353,6610.613071895425,False
2025,HOUGANG,4 ROOM,historical_non_mature,85,90,68,89.125,7585.739130434782,7220.430107526882,8260.869565217392,True
2025,HOUGANG,4 ROOM,historical_non_mature,90,95,144,93.16666666666667,7189.223936418887,6949.631837307154,7445.941258094356,True
2025,HOUGANG,4 ROOM,historical_non_mature,95,100,3,95.0,7204.301075268817,7150.537634408602,7241.333333333333,False
2025,HOUGANG,5 ROOM,historical_non_mature,45,50,2,49.5,5772.74011299435,5544.703389830509,6000.776836158192,False
2025,HOUGANG,5 ROOM,historical_non_mature,55,60,43,58.166666666666664,5826.446280991736,5454.545454545454,6761.429231124452,True
2025,HOUGANG,5 ROOM,historical_non_mature,60,65,41,61.416666666666664,6033.05785123967,5754.098360655737,6446.280991735537,True
2025,HOUGANG,5 ROOM,historical_non_mature,65,70,10,66.45833333333334,6619.180327868853,6368.360655737705,6710.403225806452,False
2025,HOUGANG,5 ROOM,historical_non_mature,70,75,77,72.41666666666667,6528.925619834711,6196.581196581196,6782.4,True
2025,HOUGANG,5 ROOM,historical_non_mature,75,80,14,77.625,5920.454545454546,5704.545454545454,6090.909090909091,False
2025,HOUGANG,5 ROOM,historical_non_mature,85,90,18,88.66666666666666,7976.818479685452,7618.797408343869,8692.660550458717,False
2025,HOUGANG,5 ROOM,historical_non_mature,90,95,26,92.16666666666667,7118.973451327433,6825.221238938053,7238.938053097345,False
2025,HOUGANG,EXECUTIVE,historical_non_mature,55,60,18,58.45833333333333,6526.694927804518,6222.847682119205,6787.1621621621625,False
2025,HOUGANG,EXECUTIVE,historical_non_mature,60,65,35,61.5,6712.328767123287,6582.199749418292,6955.591798695246,True
2025,HOUGANG,EXECUTIVE,historical_non_mature,65,70,20,66.375,7016.130163170163,6655.405405405405,7147.945205479452,False
2025,HOUGANG,EXECUTIVE,historical_non_mature,70,75,21,72.0,6408.759124087591,6204.379562043796,7000.0,False
2025,JURONG EAST,2 ROOM,historical_non_mature,85,90,12,87.41666666666667,7860.510638297872,7710.227272727272,7937.5,False
2025,JURONG EAST,3 ROOM,historical_non_mature,40,45,1,40.416666666666664,5373.134328358209,5373.134328358209,5373.134328358209,False
2025,JURONG EAST,3 ROOM,historical_non_mature,50,55,29,51.5,4864.864864864865,4729.72972972973,5093.023255813953,False
2025,JURONG EAST,3 ROOM,historical_non_mature,55,60,121,57.0,5925.373134328358,5654.761904761905,6238.805970149254,True
2025,JURONG EAST,3 ROOM,historical_non_mature,60,65,1,60.333333333333336,5675.675675675676,5675.675675675676,5675.675675675676,False
2025,JURONG EAST,3 ROOM,historical_non_mature,85,90,21,87.33333333333333,7187.5,6805.555555555556,7430.555555555556,False
2025,JURONG EAST,3 ROOM,historical_non_mature,90,95,8,90.33333333333334,7104.477611940299,7014.925373134329,7722.20895522388,False
2025,JURONG EAST,4 ROOM,historical_non_mature,50,55,13,52.916666666666664,4896.907216494846,4701.030927835051,5103.092783505154,False
2025,JURONG EAST,4 ROOM,historical_non_mature,55,60,62,57.25,5323.036006546645,5096.153846153846,5702.355744199209,True
2025,JURONG EAST,4 ROOM,historical_non_mature,60,65,6,60.875,5888.381110649494,5609.8532059271565,6280.120481927711,False
2025,JURONG EAST,4 ROOM,historical_non_mature,65,70,6,67.125,5350.467289719626,5035.046728971963,5446.049277824979,False
2025,JURONG EAST,4 ROOM,historical_non_mature,70,75,33,72.58333333333333,6415.841584158416,5940.59405940594,6683.168316831683,True
2025,JURONG EAST,4 ROOM,historical_non_mature,75,80,5,77.16666666666667,6111.111111111111,5698.7555555555555,6352.941176470588,False
2025,JURONG EAST,4 ROOM,historical_non_mature,85,90,15,87.16666666666667,6998.782608695652,6751.999000499751,7445.652173913043,False
2025,JURONG EAST,4 ROOM,historical_non_mature,90,95,4,90.54166666666667,6440.217391304348,6317.934782608696,6807.065217391304,False
2025,JURONG EAST,5 ROOM,historical_non_mature,50,55,9,53.0,4903.846153846154,4471.153846153846,5025.641025641025,False
2025,JURONG EAST,5 ROOM,historical_non_mature,55,60,57,56.833333333333336,5413.2231404958675,5121.951219512195,5833.333333333333,True
2025,JURONG EAST,5 ROOM,historical_non_mature,60,65,5,61.25,4793.388429752066,4752.06611570248,5696.7213114754095,False
2025,JURONG EAST,5 ROOM,historical_non_mature,65,70,1,66.91666666666667,5333.333333333333,5333.333333333333,5333.333333333333,False
2025,JURONG EAST,5 ROOM,historical_non_mature,70,75,26,72.54166666666666,6611.570247933884,6446.280991735537,6858.337776592908,False
2025,JURONG EAST,5 ROOM,historical_non_mature,75,80,4,77.08333333333334,6295.652173913044,6228.260869565217,6338.735177865613,False
2025,JURONG EAST,EXECUTIVE,historical_non_mature,55,60,11,58.833333333333336,5704.697986577181,5448.9980484554235,5804.993288590604,False
2025,JURONG EAST,EXECUTIVE,historical_non_mature,60,65,7,60.5,5342.465753424657,5201.671232876713,5396.689497716895,False
2025,JURONG EAST,EXECUTIVE,historical_non_mature,65,70,1,66.91666666666667,5774.56647398844,5774.56647398844,5774.56647398844,False
2025,JURONG EAST,EXECUTIVE,historical_non_mature,70,75,23,72.58333333333333,7159.722222222223,6871.138888888889,7500.992063492064,False
2025,JURONG WEST,2 ROOM,historical_non_mature,40,45,1,44.416666666666664,4736.8421052631575,4736.8421052631575,4736.8421052631575,False
2025,JURONG WEST,2 ROOM,historical_non_mature,80,85,5,82.16666666666667,6000.0,5966.666666666667,7083.333333333333,False
2025,JURONG WEST,2 ROOM,historical_non_mature,85,90,5,88.0,7340.425531914893,6914.893617021276,7404.255319148936,False
2025,JURONG WEST,2 ROOM,historical_non_mature,90,95,19,92.83333333333333,7872.340425531915,7542.553191489362,8138.297872340426,False
2025,JURONG WEST,3 ROOM,historical_non_mature,40,45,8,44.5,4850.746268656716,4553.986068111455,5073.529411764706,False
2025,JURONG WEST,3 ROOM,historical_non_mature,45,50,74,48.58333333333333,5182.464146023469,4874.119402985075,5401.639344262296,True
2025,JURONG WEST,3 ROOM,historical_non_mature,50,55,67,51.75,5389.830508474576,5198.529411764706,5538.461538461538,True
2025,JURONG WEST,3 ROOM,historical_non_mature,55,60,105,58.166666666666664,5918.918918918919,5671.641791044776,6089.55223880597,True
2025,JURONG WEST,3 ROOM,historical_non_mature,60,65,29,62.5,5479.45205479452,5273.972602739726,5726.027397260274,False
2025,JURONG WEST,3 ROOM,historical_non_mature,80,85,2,84.04166666666667,7604.082661290322,7575.478830645161,7632.686491935484,False
2025,JURONG WEST,3 ROOM,historical_non_mature,85,90,31,88.0,7296.835820895522,7059.262510974539,8156.7164179104475,True
2025,JURONG WEST,3 ROOM,historical_non_mature,90,95,37,91.83333333333333,7500.0,7176.470588235294,7867.64705882353,True
2025,JURONG WEST,4 ROOM,historical_non_mature,40,45,1,44.25,3777.777777777778,3777.777777777778,3777.777777777778,False
2025,JURONG WEST,4 ROOM,historical_non_mature,55,60,109,58.5,5217.391304347826,4929.245283018868,5528.846153846154,True
2025,JURONG WEST,4 ROOM,historical_non_mature,60,65,108,63.20833333333333,4875.641025641025,4707.196703296704,5076.923076923077,True
2025,JURONG WEST,4 ROOM,historical_non_mature,65,70,57,69.0,5000.0,4814.814814814815,5137.614678899083,True
2025,JURONG WEST,4 ROOM,historical_non_mature,70,75,130,73.66666666666667,5878.75484496124,5607.7084680025855,6263.458763458763,True
2025,JURONG WEST,4 ROOM,historical_non_mature,75,80,68,75.66666666666667,6005.494505494506,5714.285714285715,6308.5053140096625,True
2025,JURONG WEST,4 ROOM,historical_non_mature,80,85,32,82.375,6322.580645161291,5889.135058489897,6552.893617021276,True
2025,JURONG WEST,4 ROOM,historical_non_mature,85,90,51,88.41666666666667,6826.086956521739,6615.625525946704,7236.809965803615,True
2025,JURONG WEST,4 ROOM,historical_non_mature,90,95,53,92.25,6787.234042553191,6559.139784946236,7180.851063829788,True
2025,JURONG WEST,5 ROOM,historical_non_mature,45,50,4,49.75,4637.5,4386.065573770492,4885.096153846154,False
2025,JURONG WEST,5 ROOM,historical_non_mature,50,55,4,50.666666666666664,4665.664009625507,4579.668032786885,4752.255667601789,False
2025,JURONG WEST,5 ROOM,historical_non_mature,55,60,49,58.75,4851.851851851852,4661.654135338345,5082.644628099173,True
2025,JURONG WEST,5 ROOM,historical_non_mature,60,65,39,63.0,4793.388429752066,4694.214876033057,4918.0327868852455,True
2025,JURONG WEST,5 ROOM,historical_non_mature,65,70,40,68.58333333333334,4902.665051483949,4715.5567956349205,5217.919829222012,True
2025,JURONG WEST,5 ROOM,historical_non_mature,70,75,136,74.0,5679.892141756549,5323.700221238938,6076.284584980238,True
2025,JURONG WEST,5 ROOM,historical_non_mature,75,80,106,75.91666666666667,5618.181818181818,5271.311793611793,5955.4505229284,True
2025,JURONG WEST,5 ROOM,historical_non_mature,80,85,41,82.0,5641.857142857143,5454.545454545455,5789.473684210527,True
2025,JURONG WEST,5 ROOM,historical_non_mature,85,90,19,88.5,6869.55652173913,6577.907711757269,7822.751322751323,False
2025,JURONG WEST,5 ROOM,historical_non_mature,90,95,22,92.16666666666667,6576.0906691507535,6162.2807017543855,6747.20540288775,False
2025,JURONG WEST,EXECUTIVE,historical_non_mature,55,60,20,59.20833333333333,5282.3399558498895,4996.666666666667,5787.302428256071,False
2025,JURONG WEST,EXECUTIVE,historical_non_mature,60,65,9,62.416666666666664,5202.7027027027025,4862.068965517241,5325.92,False
2025,JURONG WEST,EXECUTIVE,historical_non_mature,65,70,20,67.625,5299.628561914276,5143.923643923643,5506.691603698315,False
2025,JURONG WEST,EXECUTIVE,historical_non_mature,70,75,55,73.66666666666667,6138.461538461538,5758.656773211567,6323.741007194245,True
2025,JURONG WEST,EXECUTIVE,historical_non_mature,75,80,35,75.41666666666667,5900.666666666667,5396.825396825397,6097.692307692308,True
2025,KALLANG/WHAMPOA,2 ROOM,historical_mature,40,45,11,44.166666666666664,6145.833333333333,6020.0,6424.744897959184,False
2025,KALLANG/WHAMPOA,2 ROOM,historical_mature,50,55,2,53.416666666666664,7559.523809523809,7351.190476190476,7767.857142857143,False
2025,KALLANG/WHAMPOA,2 ROOM,historical_mature,55,60,3,55.25,7727.272727272727,7696.969696969697,7840.909090909091,False
2025,KALLANG/WHAMPOA,2 ROOM,historical_mature,60,65,1,60.0,7955.555555555556,7955.555555555556,7955.555555555556,False
2025,KALLANG/WHAMPOA,3 ROOM,historical_mature,40,45,34,43.916666666666664,5714.285714285715,5570.361635220125,5901.785714285714,True
2025,KALLANG/WHAMPOA,3 ROOM,historical_mature,45,50,117,47.666666666666664,6215.384615384615,5882.35294117647,6615.384615384615,True
2025,KALLANG/WHAMPOA,3 ROOM,historical_mature,50,55,65,53.083333333333336,6846.153846153846,6294.117647058823,7270.27027027027,True
2025,KALLANG/WHAMPOA,3 ROOM,historical_mature,55,60,33,58.0,7498.133333333333,7153.846153846154,8083.333333333333,True
2025,KALLANG/WHAMPOA,3 ROOM,historical_mature,60,65,9,60.166666666666664,7416.666666666667,7301.587301587301,7937.5,False
2025,KALLANG/WHAMPOA,3 ROOM,historical_mature,75,80,10,78.0,10629.032258064515,10487.451612903225,10772.838709677419,False
2025,KALLANG/WHAMPOA,3 ROOM,historical_mature,80,85,2,84.54166666666666,10391.596638655461,9901.680672268907,10881.512605042015,False
2025,KALLANG/WHAMPOA,3 ROOM,historical_mature,85,90,7,86.08333333333333,10268.65671641791,10063.083711875406,10644.927536231884,False
2025,KALLANG/WHAMPOA,3 ROOM,historical_mature,90,95,53,91.5,11102.941176470587,9701.492537313432,11941.176470588236,True
2025,KALLANG/WHAMPOA,4 ROOM,historical_mature,45,50,29,48.0,5965.909090909091,5692.307692307692,6931.818181818182,False
2025,KALLANG/WHAMPOA,4 ROOM,historical_mature,50,55,8,50.79166666666667,6983.456760630674,6649.8129530044425,7399.45652173913,False
2025,KALLANG/WHAMPOA,4 ROOM,historical_mature,55,60,34,57.79166666666667,6946.483542505328,6716.326530612246,7228.7012754531215,True
2025,KALLANG/WHAMPOA,4 ROOM,historical_mature,60,65,17,61.083333333333336,7384.615384615385,6714.285714285715,7666.666666666667,False
2025,KALLANG/WHAMPOA,4 ROOM,historical_mature,65,70,2,68.66666666666667,6971.468876741315,6910.033503791219,7032.904249691413,False
2025,KALLANG/WHAMPOA,4 ROOM,historical_mature,70,75,26,71.375,8068.846153846154,7893.162393162393,8516.339869281046,False
2025,KALLANG/WHAMPOA,4 ROOM,historical_mature,75,80,35,77.75,9644.444444444445,7966.666666666667,10331.140350877195,True
2025,KALLANG/WHAMPOA,4 ROOM,historical_mature,80,85,26,80.58333333333333,10656.862745098038,10286.111111111111,10979.411764705883,False
2025,KALLANG/WHAMPOA,4 ROOM,historical_mature,85,90,14,86.04166666666666,10260.869565217392,9918.478260869564,10623.539036933145,False
2025,KALLANG/WHAMPOA,4 ROOM,historical_mature,90,95,126,91.75,11344.086021505376,9946.236559139785,12173.91304347826,True
2025,KALLANG/WHAMPOA,5 ROOM,historical_mature,45,50,16,48.166666666666664,6325.494871794872,5851.950354609929,6880.467571644042,False
2025,KALLANG/WHAMPOA,5 ROOM,historical_mature,50,55,8,50.41666666666667,5997.936016511868,5711.152882205514,6954.495614035089,False
2025,KALLANG/WHAMPOA,5 ROOM,historical_mature,55,60,22,57.625,7372.881355932203,6987.28813559322,7619.563789252398,False
2025,KALLANG/WHAMPOA,5 ROOM,historical_mature,60,65,5,61.25,7685.9504132231405,6923.076923076923,8264.462809917355,False
2025,KALLANG/WHAMPOA,5 ROOM,historical_mature,65,70,5,68.66666666666667,6919.354838709677,6793.893129770992,7330.827067669173,False
2025,KALLANG/WHAMPOA,5 ROOM,historical_mature,70,75,20,72.375,8041.666666666666,7805.436974789916,8448.5,False
2025,KALLANG/WHAMPOA,5 ROOM,historical_mature,75,80,11,77.91666666666667,8227.272727272728,8190.476190476191,10168.067226890755,False
2025,KALLANG/WHAMPOA,5 ROOM,historical_mature,80,85,23,84.41666666666667,11869.158878504673,10837.154150197628,12460.88027005674,False
2025,KALLANG/WHAMPOA,5 ROOM,historical_mature,85,90,5,85.08333333333333,11221.238938053097,11028.03738317757,12056.074766355141,False
2025,KALLANG/WHAMPOA,5 ROOM,historical_mature,90,95,2,90.75,11929.339817270851,11697.42852932508,12161.251105216623,False
2025,KALLANG/WHAMPOA,EXECUTIVE,historical_mature,55,60,8,58.291666666666664,6316.017316017316,6233.333333333333,7076.241134751773,False
2025,KALLANG/WHAMPOA,EXECUTIVE,historical_mature,60,65,5,61.75,7468.354430379747,7468.354430379747,7833.333333333333,False
2025,MARINE PARADE,2 ROOM,historical_mature,45,50,2,48.5,7063.059033989266,6896.914132379248,7229.203935599285,False
2025,MARINE PARADE,3 ROOM,historical_mature,45,50,77,48.916666666666664,7076.923076923077,6776.315789473684,7430.7692307692305,True
2025,MARINE PARADE,3 ROOM,historical_mature,50,55,9,50.083333333333336,7302.631578947368,7153.846153846154,7507.692307692308,False
2025,MARINE PARADE,4 ROOM,historical_mature,45,50,26,49.20833333333333,7642.389402859546,7284.148641588297,7835.120549481357,False
2025,MARINE PARADE,4 ROOM,historical_mature,50,55,7,50.083333333333336,7829.268292682927,7747.126436781609,8128.048780487805,False
2025,MARINE PARADE,5 ROOM,historical_mature,45,50,23,48.666666666666664,7521.3675213675215,7041.666666666666,8164.529914529914,False
2025,MARINE PARADE,5 ROOM,historical_mature,50,55,18,50.54166666666667,8430.327868852459,7718.75,9073.770491803278,False
2025,PASIR RIS,2 ROOM,historical_mature,65,70,4,67.83333333333334,6181.818181818182,5977.272727272727,6386.363636363637,False
2025,PASIR RIS,2 ROOM,historical_mature,85,90,11,89.0,8893.617021276596,8617.021276595744,8936.170212765957,False
2025,PASIR RIS,3 ROOM,historical_mature,50,55,4,54.25,5075.757575757576,4810.60606060606,5339.21302578019,False
2025,PASIR RIS,3 ROOM,historical_mature,55,60,3,55.333333333333336,5763.1578947368425,5570.972886762361,6226.173541963016,False
2025,PASIR RIS,3 ROOM,historical_mature,85,90,16,88.91666666666667,8875.0,8636.029411764706,8936.264705882353,False
2025,PASIR RIS,4 ROOM,historical_mature,60,65,76,63.25,5952.467343976778,5763.003569607343,6118.660194174757,True
2025,PASIR RIS,4 ROOM,historical_mature,65,70,99,68.08333333333333,5904.761904761905,5707.610146862484,6120.192307692308,True
2025,PASIR RIS,4 ROOM,historical_mature,70,75,34,70.20833333333334,5957.195203667783,5775.217181467181,6124.980413297394,True
2025,PASIR RIS,4 ROOM,historical_mature,85,90,39,88.91666666666667,8310.623655913978,8064.5161290322585,8837.20930232558,True
2025,PASIR RIS,5 ROOM,historical_mature,50,55,1,54.666666666666664,5606.060606060606,5606.060606060606,5606.060606060606,False
2025,PASIR RIS,5 ROOM,historical_mature,60,65,27,63.25,5803.2786885245905,5553.27868852459,5896.373221544715,False
2025,PASIR RIS,5 ROOM,historical_mature,65,70,123,67.5,5806.451612903225,5591.571886847478,6032.657957877899,True
2025,PASIR RIS,5 ROOM,historical_mature,70,75,45,70.33333333333333,5784.0,5595.238095238095,5924.694214876033,True
2025,PASIR RIS,5 ROOM,historical_mature,85,90,8,89.08333333333334,8097.345132743363,7823.008849557522,8539.823008849558,False
2025,PASIR RIS,EXECUTIVE,historical_mature,60,65,20,62.875,6376.712328767124,6284.468955701832,6587.328767123287,False
2025,PASIR RIS,EXECUTIVE,historical_mature,65,70,119,67.5,6198.630136986301,5828.200283419934,6570.495495495496,True
2025,PASIR RIS,EXECUTIVE,historical_mature,70,75,5,70.25,6713.286713286713,6363.636363636364,6909.090909090909,False
2025,PUNGGOL,2 ROOM,historical_non_mature,85,90,31,88.41666666666667,8363.636363636364,8055.830039525692,8516.682785299807,True
2025,PUNGGOL,2 ROOM,historical_non_mature,90,95,44,92.79166666666666,8531.91489361702,8191.489361702128,9042.553191489362,True
2025,PUNGGOL,2 ROOM,historical_non_mature,95,100,1,95.0,8297.872340425532,8297.872340425532,8297.872340425532,False
2025,PUNGGOL,3 ROOM,historical_non_mature,85,90,93,88.66666666666667,7942.028985507246,7744.5970149253735,8276.923076923076,True
2025,PUNGGOL,3 ROOM,historical_non_mature,90,95,109,92.25,7983.64705882353,7689.529411764706,8323.529411764706,True
2025,PUNGGOL,3 ROOM,historical_non_mature,95,100,1,95.0,8208.955223880597,8208.955223880597,8208.955223880597,False
2025,PUNGGOL,4 ROOM,historical_non_mature,75,80,78,77.41666666666667,6529.824561403509,6315.789473684211,6747.222222222223,True
2025,PUNGGOL,4 ROOM,historical_non_mature,80,85,53,82.58333333333333,7088.888888888889,6902.173913043478,7612.903225806452,True
2025,PUNGGOL,4 ROOM,historical_non_mature,85,90,400,87.66666666666667,7500.0,7156.464530892448,7849.862731640356,True
2025,PUNGGOL,4 ROOM,historical_non_mature,90,95,240,92.16666666666667,7378.447872837774,6989.247311827957,7860.81961147086,True
2025,PUNGGOL,4 ROOM,historical_non_mature,95,100,4,95.0,7585.574468085106,7300.531914893617,7814.531914893617,False
2025,PUNGGOL,5 ROOM,historical_non_mature,75,80,216,77.41666666666667,6000.0,5818.781818181818,6252.0687960687965,True
2025,PUNGGOL,5 ROOM,historical_non_mature,85,90,82,88.875,7779.402338811631,7372.3796583850935,8159.08691062632,True
2025,PUNGGOL,5 ROOM,historical_non_mature,90,95,158,91.91666666666667,7327.433628318584,6963.7793931731985,7684.105667060212,True
2025,PUNGGOL,EXECUTIVE,historical_non_mature,75,80,28,77.29166666666666,6288.461538461538,6179.086538461539,6531.03125,False
2025,QUEENSTOWN,2 ROOM,historical_mature,40,45,12,40.625,6445.652173913044,6195.652173913043,6565.217391304348,False
2025,QUEENSTOWN,2 ROOM,historical_mature,50,55,2,50.666666666666664,6722.222222222223,6694.444444444444,6750.0,False
2025,QUEENSTOWN,2 ROOM,historical_mature,85,90,5,86.75,10851.063829787234,10212.765957446809,11063.829787234043,False
2025,QUEENSTOWN,2 ROOM,historical_mature,90,95,1,94.91666666666667,11489.36170212766,11489.36170212766,11489.36170212766,False
2025,QUEENSTOWN,3 ROOM,historical_mature,40,45,86,43.75,6038.074712643678,5833.333333333333,6333.333333333333,True
2025,QUEENSTOWN,3 ROOM,historical_mature,45,50,64,48.416666666666664,6860.676923076922,6153.846153846154,7711.538461538462,True
2025,QUEENSTOWN,3 ROOM,historical_mature,50,55,35,50.583333333333336,6153.846153846154,5837.6,6584.615384615385,True
2025,QUEENSTOWN,3 ROOM,historical_mature,80,85,12,82.20833333333334,11958.333333333332,11554.166666666666,12520.833333333334,False
2025,QUEENSTOWN,3 ROOM,historical_mature,85,90,31,87.25,11194.029850746268,10659.977703455965,12016.361416361417,True
2025,QUEENSTOWN,3 ROOM,historical_mature,90,95,36,92.5,12096.774193548386,11356.617647058823,12669.044665012407,True
2025,QUEENSTOWN,4 ROOM,historical_mature,40,45,6,44.20833333333333,6528.094117647059,6300.550625289486,6849.670588235294,False
2025,QUEENSTOWN,4 ROOM,historical_mature,45,50,10,47.95833333333333,6977.272727272727,5658.507223113965,7283.958773784355,False
2025,QUEENSTOWN,4 ROOM,historical_mature,50,55,5,50.25,5909.090909090909,5909.090909090909,7073.170731707317,False
2025,QUEENSTOWN,4 ROOM,historical_mature,65,70,3,69.16666666666667,8146.788990825688,7989.282345880134,8656.727828746178,False
2025,QUEENSTOWN,4 ROOM,historical_mature,70,75,22,72.66666666666666,9291.956305858987,8961.6576819407,9870.701058201059,False
2025,QUEENSTOWN,4 ROOM,historical_mature,75,80,19,77.41666666666667,9184.782608695652,8657.894736842107,9576.726342710997,False
2025,QUEENSTOWN,4 ROOM,historical_mature,80,85,42,81.0,10694.444444444445,10282.027210884353,11263.888888888887,True
2025,QUEENSTOWN,4 ROOM,historical_mature,85,90,76,86.625,10875.0,10225.045372050818,12078.31325301205,True
2025,QUEENSTOWN,4 ROOM,historical_mature,90,95,66,91.95833333333334,12197.825024437927,11459.67741935484,12969.744910677191,True
2025,QUEENSTOWN,4 ROOM,historical_mature,95,100,1,95.0,12784.09090909091,12784.09090909091,12784.09090909091,False
2025,QUEENSTOWN,5 ROOM,historical_mature,45,50,5,48.833333333333336,8418.803418803418,8333.333333333334,8421.052631578947,False
2025,QUEENSTOWN,5 ROOM,historical_mature,50,55,8,51.291666666666664,6957.430894308944,6612.894736842105,7450.067476383267,False
2025,QUEENSTOWN,5 ROOM,historical_mature,65,70,4,67.91666666666666,9103.146853146853,8983.53614889048,9292.918626827717,False
2025,QUEENSTOWN,5 ROOM,historical_mature,70,75,13,72.41666666666667,9424.0,9099.0990990991,10727.272727272728,False
2025,QUEENSTOWN,5 ROOM,historical_mature,75,80,1,79.75,10454.545454545454,10454.545454545454,10454.545454545454,False
2025,QUEENSTOWN,5 ROOM,historical_mature,80,85,8,81.29166666666666,10917.636363636364,10443.181818181818,11467.41818181818,False
2025,QUEENSTOWN,5 ROOM,historical_mature,85,90,13,85.75,11327.433628318584,10161.290322580646,12212.389380530973,False
2025,QUEENSTOWN,5 ROOM,historical_mature,90,95,13,94.66666666666667,13084.11214953271,12500.0,13598.130841121496,False
2025,QUEENSTOWN,EXECUTIVE,historical_mature,65,70,6,69.45833333333334,9304.820301117048,9074.823943661971,10033.065658951346,False
2025,SEMBAWANG,2 ROOM,historical_non_mature,80,85,1,84.66666666666667,8322.2,8322.2,8322.2,False
2025,SEMBAWANG,2 ROOM,historical_non_mature,85,90,17,88.75,7936.170212765957,7872.340425531915,8127.659574468085,False
2025,SEMBAWANG,2 ROOM,historical_non_mature,90,95,105,94.25,8489.36170212766,8020.833333333333,9210.526315789473,True
2025,SEMBAWANG,2 ROOM,historical_non_mature,95,100,8,95.0,8384.658454647257,7716.297872340426,9019.736842105263,False
2025,SEMBAWANG,3 ROOM,historical_non_mature,85,90,19,88.91666666666667,7279.411764705882,7132.35294117647,7426.470588235294,False
2025,SEMBAWANG,3 ROOM,historical_non_mature,90,95,91,92.83333333333333,7794.117647058823,7473.166812993854,8235.29411764706,True
2025,SEMBAWANG,3 ROOM,historical_non_mature,95,100,3,95.0,7809.971014492754,7600.63768115942,7882.434782608696,False
2025,SEMBAWANG,4 ROOM,historical_non_mature,70,75,83,74.0,5800.0,5635.0,6021.515326778484,True
2025,SEMBAWANG,4 ROOM,historical_non_mature,75,80,85,76.16666666666667,5888.888888888889,5686.274509803921,6088.888888888889,True
2025,SEMBAWANG,4 ROOM,historical_non_mature,80,85,8,84.25,6021.276595744681,5925.400265957447,6088.553191489362,False
2025,SEMBAWANG,4 ROOM,historical_non_mature,85,90,31,88.91666666666667,6358.695652173913,6187.569892473119,6537.569892473119,True
2025,SEMBAWANG,4 ROOM,historical_non_mature,90,95,327,94.16666666666667,7096.774193548387,6827.956989247312,7526.881720430108,True
2025,SEMBAWANG,4 ROOM,historical_non_mature,95,100,11,95.0,6989.247311827957,6811.225806451613,7139.784946236559,False
2025,SEMBAWANG,5 ROOM,historical_non_mature,70,75,89,74.33333333333333,5500.0,5272.727272727273,5669.421487603306,True
2025,SEMBAWANG,5 ROOM,historical_non_mature,75,80,104,75.58333333333333,5592.064714946071,5359.400705052879,5865.200000000001,True
2025,SEMBAWANG,5 ROOM,historical_non_mature,80,85,1,80.16666666666667,5527.272727272727,5527.272727272727,5527.272727272727,False
2025,SEMBAWANG,5 ROOM,historical_non_mature,90,95,124,94.33333333333333,6982.758620689655,6756.846963686299,7224.137931034483,True
2025,SEMBAWANG,5 ROOM,historical_non_mature,95,100,7,95.0,6879.310344827586,6853.448275862069,7042.620689655172,False
2025,SEMBAWANG,EXECUTIVE,historical_non_mature,70,75,30,74.33333333333333,5633.17572892041,5232.429441062534,5769.2307692307695,True
2025,SEMBAWANG,EXECUTIVE,historical_non_mature,75,80,47,75.41666666666667,5769.2307692307695,5593.80504991192,5992.307692307692,True
2025,SENGKANG,2 ROOM,historical_non_mature,85,90,25,88.0,7960.0,7765.95744680851,8086.95652173913,False
2025,SENGKANG,2 ROOM,historical_non_mature,90,95,56,94.25,8437.5,8177.859042553191,8941.710992907801,True
2025,SENGKANG,2 ROOM,historical_non_mature,95,100,9,95.08333333333333,8340.425531914894,8085.106382978724,9473.684210526315,False
2025,SENGKANG,3 ROOM,historical_non_mature,80,85,7,81.66666666666667,6385.542168674699,6102.409638554217,7431.159420289855,False
2025,SENGKANG,3 ROOM,historical_non_mature,85,90,70,88.875,8133.340649692713,7802.109974424552,8507.462686567163,True
2025,SENGKANG,3 ROOM,historical_non_mature,90,95,68,92.0,7889.705882352941,7647.058823529412,8165.029411764706,True
2025,SENGKANG,3 ROOM,historical_non_mature,95,100,8,95.16666666666667,8235.29411764706,7915.441176470588,8278.176470588236,False
2025,SENGKANG,4 ROOM,historical_non_mature,70,75,152,73.58333333333333,6112.8608187134505,5940.59405940594,6430.339462517681,True
2025,SENGKANG,4 ROOM,historical_non_mature,75,80,176,76.70833333333333,6349.198566308243,6196.7032967032965,6555.555555555556,True
2025,SENGKANG,4 ROOM,historical_non_mature,80,85,115,83.08333333333333,8602.150537634408,7626.811594202898,9111.111111111111,True
2025,SENGKANG,4 ROOM,historical_non_mature,85,90,274,88.83333333333333,7161.558204768584,6916.844125809435,7478.260869565217,True
2025,SENGKANG,4 ROOM,historical_non_mature,90,95,203,91.83333333333333,7236.559139784947,6884.408602150537,7580.645161290323,True
2025,SENGKANG,4 ROOM,historical_non_mature,95,100,20,95.08333333333333,7500.0,7093.784946236559,7642.47311827957,False
2025,SENGKANG,5 ROOM,historical_non_mature,70,75,181,74.08333333333333,5826.086956521739,5573.770491803279,6077.586206896552,True
2025,SENGKANG,5 ROOM,historical_non_mature,75,80,227,76.5,6000.0,5760.155610155611,6242.856247551899,True
2025,SENGKANG,5 ROOM,historical_non_mature,80,85,4,80.0,7237.837837837838,7077.202457002457,7390.663390663391,False
2025,SENGKANG,5 ROOM,historical_non_mature,85,90,92,89.16666666666667,7199.115044247787,6902.654867256637,7591.267857142858,True
2025,SENGKANG,5 ROOM,historical_non_mature,90,95,135,91.58333333333333,7246.796460176991,6791.044247787611,7668.141592920354,True
2025,SENGKANG,5 ROOM,historical_non_mature,95,100,3,95.0,7681.41592920354,7358.407079646018,7734.513274336283,False
2025,SENGKANG,EXECUTIVE,historical_non_mature,70,75,42,74.16666666666667,6176.349857549858,5961.945151258129,6479.007633587786,True
2025,SENGKANG,EXECUTIVE,historical_non_mature,75,80,38,75.625,6568.625,6352.611940298508,6829.6150211992735,True
2025,SERANGOON,2 ROOM,historical_mature,50,55,1,51.75,6590.909090909091,6590.909090909091,6590.909090909091,False
2025,SERANGOON,3 ROOM,historical_mature,50,55,12,51.95833333333333,6770.42294520548,6375.0,7187.5,False
2025,SERANGOON,3 ROOM,historical_mature,55,60,63,58.666666666666664,7231.466666666666,6708.333333333333,7555.9701492537315,True
2025,SERANGOON,3 ROOM,historical_mature,60,65,19,62.0,7109.375,6820.3125,7851.5625,False
2025,SERANGOON,4 ROOM,historical_mature,50,55,2,51.75,6545.918367346939,6410.714285714285,6681.122448979591,False
2025,SERANGOON,4 ROOM,historical_mature,55,60,106,59.25,7142.857142857143,6602.663640707119,7687.815779246016,True
2025,SERANGOON,4 ROOM,historical_mature,60,65,36,62.375,7926.2972972972975,7500.0,8354.16451912174,True
2025,SERANGOON,4 ROOM,historical_mature,65,70,20,66.125,6019.370799103809,5677.184466019418,6175.792382374906,False
2025,SERANGOON,4 ROOM,historical_mature,70,75,22,71.75,6384.4400000000005,6112.5,7777.777777777777,False
2025,SERANGOON,5 ROOM,historical_mature,55,60,14,59.54166666666667,6216.528925619835,5917.208633093525,6611.570247933884,False
2025,SERANGOON,5 ROOM,historical_mature,60,65,17,62.75,6793.893129770992,6147.540983606557,8140.495867768595,False
2025,SERANGOON,5 ROOM,historical_mature,65,70,15,66.41666666666667,6459.016393442623,6320.861977789529,6618.225806451613,False
2025,SERANGOON,5 ROOM,historical_mature,70,75,19,71.33333333333333,7049.4789915966385,6511.667476908118,8130.434782608696,False
2025,SERANGOON,EXECUTIVE,historical_mature,55,60,16,59.29166666666667,7919.463087248322,7143.835616438356,8140.816326530612,False
2025,SERANGOON,EXECUTIVE,historical_mature,60,65,7,62.583333333333336,7527.397260273972,6899.144591611479,8067.941527994852,False
2025,SERANGOON,EXECUTIVE,historical_mature,65,70,26,66.58333333333333,7033.632653061224,6815.890131395025,7299.400165471594,False
2025,SERANGOON,EXECUTIVE,historical_mature,70,75,7,71.58333333333333,7142.857142857143,7071.428571428572,7521.028571428571,False
2025,TAMPINES,2 ROOM,historical_mature,80,85,1,82.58333333333333,8700.0,8700.0,8700.0,False
2025,TAMPINES,2 ROOM,historical_mature,85,90,12,88.75,8946.345975948196,8457.971014492752,9069.148936170213,False
2025,TAMPINES,3 ROOM,historical_mature,55,60,193,58.416666666666664,6575.342465753424,6369.86301369863,6835.6164383561645,True
2025,TAMPINES,3 ROOM,historical_mature,60,65,63,61.416666666666664,6675.675675675676,6418.918918918919,7029.138513513513,True
2025,TAMPINES,3 ROOM,historical_mature,85,90,30,88.91666666666667,8953.709712308024,8137.0719929762945,10417.309099548587,True
2025,TAMPINES,3 ROOM,historical_mature,90,95,66,94.0,8840.579710144928,8438.597453906936,9054.507672634272,True
2025,TAMPINES,4 ROOM,historical_mature,55,60,211,58.5,6179.885714285714,5919.498381877023,6504.854368932039,True
2025,TAMPINES,4 ROOM,historical_mature,60,65,177,62.0,6388.349514563107,6142.307692307692,6712.964285714285,True
2025,TAMPINES,4 ROOM,historical_mature,65,70,64,69.25,5783.426775399253,5667.932242990654,6038.372630605641,True
2025,TAMPINES,4 ROOM,historical_mature,70,75,104,70.83333333333333,6359.051650485437,6079.607843137255,6650.121359223301,True
2025,TAMPINES,4 ROOM,historical_mature,80,85,8,84.75,9175.531914893618,8993.787234042553,9290.310360777057,False
2025,TAMPINES,4 ROOM,historical_mature,85,90,72,89.0,8602.150537634408,8253.330995792427,9111.751152073732,True
2025,TAMPINES,4 ROOM,historical_mature,90,95,255,94.25,8258.064516129032,8010.752688172043,8452.856474988312,True
2025,TAMPINES,4 ROOM,historical_mature,95,100,1,95.0,8494.623655913978,8494.623655913978,8494.623655913978,False
2025,TAMPINES,5 ROOM,historical_mature,55,60,76,58.875,5877.75482093664,5634.281985956628,6151.306144208983,True
2025,TAMPINES,5 ROOM,historical_mature,60,65,81,62.416666666666664,6157.48031496063,5974.491803278688,6352.459016393443,True
2025,TAMPINES,5 ROOM,historical_mature,65,70,80,68.04166666666667,6040.150972863929,5791.532258064516,6318.3444656488555,True
2025,TAMPINES,5 ROOM,historical_mature,70,75,64,70.66666666666667,6331.493112947658,5821.080645161291,6667.428861788619,True
2025,TAMPINES,5 ROOM,historical_mature,80,85,27,82.91666666666667,8800.0,8482.81910228813,9056.074766355141,False
2025,TAMPINES,5 ROOM,historical_mature,85,90,23,88.66666666666667,8672.566371681416,8442.477876106193,9017.903965912816,False
2025,TAMPINES,5 ROOM,historical_mature,90,95,158,94.41666666666667,7973.528955131191,7717.435180872535,8218.757269279391,True
2025,TAMPINES,EXECUTIVE,historical_mature,55,60,48,59.25,6368.918918918918,6155.405405405405,6630.067567567568,True
2025,TAMPINES,EXECUTIVE,historical_mature,60,65,56,62.29166666666667,6917.808219178082,6582.6755837035635,7200.342465753424,True
2025,TAMPINES,EXECUTIVE,historical_mature,65,70,36,69.04166666666666,6416.410399776349,6252.319109461967,6550.048266985382,True
2025,TAMPINES,EXECUTIVE,historical_mature,70,75,14,71.08333333333334,6762.471655328798,6490.546453546454,6966.113475177305,False
2025,TAMPINES,MULTI-GENERATION,historical_mature,60,65,1,61.416666666666664,7048.192771084337,7048.192771084337,7048.192771084337,False
2025,TOA PAYOH,2 ROOM,historical_mature,40,45,13,41.583333333333336,6860.46511627907,6395.3488372093025,7125.0,False
2025,TOA PAYOH,2 ROOM,historical_mature,45,50,5,45.666666666666664,7300.0,7250.0,7317.073170731707,False
2025,TOA PAYOH,2 ROOM,historical_mature,55,60,7,57.25,6900.0,6600.0,7088.372093023256,False
2025,TOA PAYOH,3 ROOM,historical_mature,40,45,166,43.416666666666664,5666.703248463565,5438.419117647059,5966.228070175439,True
2025,TOA PAYOH,3 ROOM,historical_mature,45,50,87,46.333333333333336,5769.2307692307695,5507.692307692308,6099.857685009488,True
2025,TOA PAYOH,3 ROOM,historical_mature,50,55,14,50.416666666666664,5753.846153846154,5538.461538461538,5846.153846153846,False
2025,TOA PAYOH,3 ROOM,historical_mature,55,60,74,58.0,7183.440903590157,6418.3711074258335,7993.243243243243,True
2025,TOA PAYOH,3 ROOM,historical_mature,70,75,4,72.04166666666666,9843.75,9738.28125,10078.125,False
2025,TOA PAYOH,3 ROOM,historical_mature,85,90,3,86.16666666666667,11142.857142857143,10642.857142857143,11327.771428571428,False
2025,TOA PAYOH,3 ROOM,historical_mature,90,95,69,94.08333333333333,11735.29411764706,11176.470588235294,12132.35294117647,True
2025,TOA PAYOH,3 ROOM,historical_mature,95,100,7,95.08333333333333,12058.823529411764,11657.000828500415,12227.941176470587,False
2025,TOA PAYOH,4 ROOM,historical_mature,45,50,41,47.916666666666664,5975.609756097561,5670.731707317073,6256.09756097561,True
2025,TOA PAYOH,4 ROOM,historical_mature,50,55,17,50.25,5914.634146341464,5731.707317073171,5975.609756097561,False
2025,TOA PAYOH,4 ROOM,historical_mature,55,60,23,58.083333333333336,6200.0,6006.270226537217,7129.947477253929,False
2025,TOA PAYOH,4 ROOM,historical_mature,60,65,17,62.333333333333336,6456.310679611651,6333.333333333333,6601.941747572816,False
2025,TOA PAYOH,4 ROOM,historical_mature,65,70,8,69.5,7757.972913936217,7445.238095238095,8069.449653259362,False
2025,TOA PAYOH,4 ROOM,historical_mature,70,75,39,72.08333333333333,8480.76923076923,7557.692307692308,8907.058447780262,True
2025,TOA PAYOH,4 ROOM,historical_mature,75,80,27,79.33333333333333,10439.560439560439,9464.796479647965,10923.076923076922,False
2025,TOA PAYOH,4 ROOM,historical_mature,80,85,41,82.75,11000.0,10361.406593406593,11421.052631578947,True
2025,TOA PAYOH,4 ROOM,historical_mature,85,90,21,85.75,11758.241758241758,11406.593406593407,12395.604395604396,False
2025,TOA PAYOH,4 ROOM,historical_mature,90,95,170,94.08333333333333,11682.79569892473,10922.347855004988,12255.075268817205,True
2025,TOA PAYOH,4 ROOM,historical_mature,95,100,19,95.08333333333333,11827.956989247312,11525.88404833167,12311.827956989247,False
2025,TOA PAYOH,5 ROOM,historical_mature,45,50,9,49.333333333333336,6239.316239316239,5991.228070175439,6386.55462184874,False
2025,TOA PAYOH,5 ROOM,historical_mature,50,55,9,50.25,6035.087719298245,5811.965811965812,6134.453781512605,False
2025,TOA PAYOH,5 ROOM,historical_mature,55,60,16,57.833333333333336,6794.2107643600175,6223.484848484848,8036.423841059603,False
2025,TOA PAYOH,5 ROOM,historical_mature,60,65,17,62.416666666666664,6641.625,6528.9504132231405,7007.8740157480315,False
2025,TOA PAYOH,5 ROOM,historical_mature,65,70,22,66.95833333333334,7221.006695361071,7089.430894308944,7870.310616929698,False
2025,TOA PAYOH,5 ROOM,historical_mature,70,75,37,71.91666666666667,8330.578512396694,7983.333333333333,9081.967213114754,True
2025,TOA PAYOH,5 ROOM,historical_mature,75,80,14,76.08333333333334,10339.016600790514,9877.886002886004,10600.0,False
2025,TOA PAYOH,5 ROOM,historical_mature,80,85,2,81.54166666666666,11363.636363636364,11318.181818181818,11409.090909090908,False
2025,TOA PAYOH,5 ROOM,historical_mature,85,90,26,85.95833333333334,12645.615446500402,11404.888012872085,13023.504273504275,False
2025,TOA PAYOH,5 ROOM,historical_mature,90,95,20,94.20833333333334,11902.965378046887,11489.520260829064,12109.920819748488,False
2025,TOA PAYOH,EXECUTIVE,historical_mature,55,60,3,57.666666666666664,7826.086956521739,7826.086956521739,7826.086956521739,False
2025,TOA PAYOH,EXECUTIVE,historical_mature,60,65,14,62.583333333333336,6944.578744739905,6506.8493150684935,7488.013698630137,False
2025,TOA PAYOH,EXECUTIVE,historical_mature,65,70,2,66.83333333333334,8660.96743295019,8651.17337164751,8670.761494252873,False
2025,WOODLANDS,2 ROOM,historical_non_mature,55,60,2,58.375,6587.644444444444,6548.133333333334,6627.155555555555,False
2025,WOODLANDS,2 ROOM,historical_non_mature,85,90,16,89.16666666666667,7585.106382978724,7372.340425531915,7718.08510638298,False
2025,WOODLANDS,2 ROOM,historical_non_mature,90,95,23,92.5,8085.106382978724,7925.531914893617,8840.425531914894,False
2025,WOODLANDS,3 ROOM,historical_non_mature,45,50,29,49.333333333333336,5230.7692307692305,5000.0,5307.692307692308,False
2025,WOODLANDS,3 ROOM,historical_non_mature,50,55,27,51.083333333333336,5243.90243902439,4897.445820433437,5522.502870264065,False
2025,WOODLANDS,3 ROOM,historical_non_mature,55,60,30,58.416666666666664,5788.961683541791,5382.941176470588,6085.616438356164,True
2025,WOODLANDS,3 ROOM,historical_non_mature,60,65,15,63.666666666666664,6027.397260273972,5821.917808219178,6208.333333333333,False
2025,WOODLANDS,3 ROOM,historical_non_mature,65,70,25,67.33333333333333,6232.876712328767,6095.890410958904,6423.123287671233,False
2025,WOODLANDS,3 ROOM,historical_non_mature,85,90,29,88.83333333333333,7475.940298507463,7313.432835820896,7727.272727272727,False
2025,WOODLANDS,3 ROOM,historical_non_mature,90,95,46,92.5,7565.35294117647,7275.735294117647,7786.764705882352,True
2025,WOODLANDS,4 ROOM,historical_non_mature,45,50,8,49.20833333333333,4545.454545454545,4477.588383838384,4569.444444444445,False
2025,WOODLANDS,4 ROOM,historical_non_mature,50,55,25,53.083333333333336,4869.565217391304,4654.709677419355,5000.0,False
2025,WOODLANDS,4 ROOM,historical_non_mature,55,60,37,59.083333333333336,5439.655913978495,5255.102040816327,5521.739130434783,True
2025,WOODLANDS,4 ROOM,historical_non_mature,60,65,29,62.75,5535.714285714285,5388.349514563107,5833.333333333333,False
2025,WOODLANDS,4 ROOM,historical_non_mature,65,70,68,68.625,5417.071197411004,5232.919254658385,5773.809523809524,True
2025,WOODLANDS,4 ROOM,historical_non_mature,70,75,441,71.58333333333333,5601.941747572816,5428.571428571428,5833.333333333333,True
2025,WOODLANDS,4 ROOM,historical_non_mature,75,80,42,77.45833333333334,5971.6,5744.939271255061,6111.111111111111,True
2025,WOODLANDS,4 ROOM,historical_non_mature,85,90,60,88.83333333333333,6467.391304347826,6250.0,6912.739130434782,True
2025,WOODLANDS,4 ROOM,historical_non_mature,90,95,126,92.16666666666667,6956.387096774193,6666.666666666667,7311.8279569892475,True
2025,WOODLANDS,5 ROOM,historical_non_mature,45,50,4,49.58333333333333,4310.9166403868385,3961.1775157486672,4525.116144018583,False
2025,WOODLANDS,5 ROOM,historical_non_mature,50,55,6,51.58333333333333,4410.8387096774195,4372.095407326407,4670.678619034924,False
2025,WOODLANDS,5 ROOM,historical_non_mature,55,60,10,59.416666666666664,5000.0,4845.0413223140495,5119.834710743802,False
2025,WOODLANDS,5 ROOM,historical_non_mature,60,65,12,61.83333333333333,5267.578918845686,5202.231404958678,5371.900826446281,False
2025,WOODLANDS,5 ROOM,historical_non_mature,65,70,47,69.33333333333333,5330.578512396694,5112.669602461241,5555.555555555556,True
2025,WOODLANDS,5 ROOM,historical_non_mature,70,75,310,72.08333333333333,5546.920821114369,5372.67561983471,5780.609631147541,True
2025,WOODLANDS,5 ROOM,historical_non_mature,75,80,60,77.16666666666667,5549.49090909091,5359.683794466404,5659.330143540669,True
2025,WOODLANDS,5 ROOM,historical_non_mature,85,90,17,88.75,6160.714285714285,5964.285714285715,6500.0,False
2025,WOODLANDS,5 ROOM,historical_non_mature,90,95,49,92.41666666666667,6796.460176991151,6283.185840707964,7079.646017699115,True
2025,WOODLANDS,EXECUTIVE,historical_non_mature,55,60,1,59.083333333333336,5961.538461538462,5961.538461538462,5961.538461538462,False
2025,WOODLANDS,EXECUTIVE,historical_non_mature,60,65,9,62.583333333333336,5880.794701986755,5671.232876712329,6061.643835616438,False
2025,WOODLANDS,EXECUTIVE,historical_non_mature,65,70,67,68.83333333333333,5880.681818181818,5662.071078431372,6064.173063604884,True
2025,WOODLANDS,EXECUTIVE,historical_non_mature,70,75,74,72.33333333333333,6203.531323877069,5943.748178373652,6310.431442080378,True
2025,WOODLANDS,EXECUTIVE,historical_non_mature,75,80,4,75.41666666666667,5973.282442748092,5801.526717557252,6173.664122137405,False
2025,YISHUN,2 ROOM,historical_non_mature,70,75,1,73.91666666666667,7950.0,7950.0,7950.0,False
2025,YISHUN,2 ROOM,historical_non_mature,85,90,16,87.54166666666666,7239.583333333334,7010.749113475177,7446.808510638298,False
2025,YISHUN,2 ROOM,historical_non_mature,90,95,54,93.08333333333333,7946.808510638298,7627.659574468085,8297.872340425532,True
2025,YISHUN,3 ROOM,historical_non_mature,55,60,223,58.666666666666664,6250.0,5962.316176470588,6492.537313432836,True
2025,YISHUN,3 ROOM,historical_non_mature,60,65,125,61.75,6164.3835616438355,5878.378378378378,6531.25,True
2025,YISHUN,3 ROOM,historical_non_mature,65,70,4,66.41666666666667,6406.25,6308.59375,6425.78125,False
2025,YISHUN,3 ROOM,historical_non_mature,70,75,1,73.41666666666667,7666.666666666667,7666.666666666667,7666.666666666667,False
2025,YISHUN,3 ROOM,historical_non_mature,85,90,48,89.33333333333333,7246.268656716418,7123.134328358208,7457.583406496928,True
2025,YISHUN,3 ROOM,historical_non_mature,90,95,71,92.08333333333333,7352.941176470588,7080.717295873574,7644.424934152766,True
2025,YISHUN,4 ROOM,historical_non_mature,55,60,175,59.0,5659.340659340659,5378.3894343151005,5930.245421245421,True
2025,YISHUN,4 ROOM,historical_non_mature,60,65,260,61.666666666666664,5673.076923076923,5380.952380952381,5942.307692307692,True
2025,YISHUN,4 ROOM,historical_non_mature,65,70,20,66.5,5714.285714285715,5479.791718323828,5995.879120879121,False
2025,YISHUN,4 ROOM,historical_non_mature,70,75,3,74.66666666666667,6236.559139784947,5934.94623655914,6284.94623655914,False
2025,YISHUN,4 ROOM,historical_non_mature,75,80,2,75.08333333333334,6044.444444444444,6011.111111111111,6077.777777777778,False
2025,YISHUN,4 ROOM,historical_non_mature,85,90,194,89.08333333333333,6521.739130434783,6230.335437120149,6725.390135577372,True
2025,YISHUN,4 ROOM,historical_non_mature,90,95,166,92.625,6569.290322580646,6397.8494623655915,6790.322580645161,True
2025,YISHUN,4 ROOM,historical_non_mature,95,100,5,95.0,6505.376344086021,6451.612903225807,6612.903225806452,False
2025,YISHUN,5 ROOM,historical_non_mature,55,60,28,58.95833333333333,5430.976430976431,5228.850746268657,5682.369402985075,False
2025,YISHUN,5 ROOM,historical_non_mature,60,65,90,61.5,5617.294404552229,5313.295081967213,5942.622950819672,True
2025,YISHUN,5 ROOM,historical_non_mature,65,70,16,67.04166666666666,5754.619364375461,5505.9375345494755,5908.015873015873,False
2025,YISHUN,5 ROOM,historical_non_mature,70,75,3,74.5,5855.855855855856,5666.666666666667,5954.713642213643,False
2025,YISHUN,5 ROOM,historical_non_mature,75,80,1,75.0,6061.5,6061.5,6061.5,False
2025,YISHUN,5 ROOM,historical_non_mature,85,90,65,89.33333333333333,6437.5,6205.357142857143,6707.9646017699115,True
2025,YISHUN,5 ROOM,historical_non_mature,90,95,63,91.91666666666667,6600.778761061947,6419.642857142857,6843.75,True
2025,YISHUN,EXECUTIVE,historical_non_mature,55,60,2,58.791666666666664,6737.329434697856,6263.401559454192,7211.25730994152,False
2025,YISHUN,EXECUTIVE,historical_non_mature,60,65,56,61.833333333333336,6133.250311332503,5932.082945013979,6466.69815777043,True
2025,YISHUN,EXECUTIVE,historical_non_mature,65,70,9,65.91666666666667,6585.365853658536,6156.528301886792,7071.823204419889,False
2025,YISHUN,MULTI-GENERATION,historical_non_mature,60,65,2,61.5,6416.040100250626,6409.774436090225,6422.305764411028,False
