variant,min_n,min_support_years,sale_year,scope,historical_group,n_segments,n_transactions,median_pct_per_year,min_pct_per_year,max_pct_per_year
baseline,100,10,2025,all_types,historical_mature,29,8966,1.198415688496771,-0.3922353531381122,1.7485705793117163
baseline,100,10,2025,all_types,historical_non_mature,33,13082,0.6892626163764862,0.07039849259631022,1.406396215033015
baseline,100,10,2025,4_room,historical_mature,12,4042,1.1967679273127365,-0.3922353531381122,1.4655468626940222
baseline,100,10,2025,4_room,historical_non_mature,11,6683,0.674516986955109,0.445750643495974,1.1377980868066537
n50,50,10,2025,all_types,historical_mature,37,9561,1.195120166128702,-0.8023964940553846,1.7485705793117163
n50,50,10,2025,all_types,historical_non_mature,37,13424,0.674516986955109,-0.585207735761037,1.406396215033015
n50,50,10,2025,4_room,historical_mature,12,4042,1.1967679273127365,-0.3922353531381122,1.4655468626940222
n50,50,10,2025,4_room,historical_non_mature,11,6683,0.674516986955109,0.445750643495974,1.1377980868066537
n200,200,10,2025,all_types,historical_mature,21,7691,1.195120166128702,0.4888773925782795,1.4655468626940222
n200,200,10,2025,all_types,historical_non_mature,25,11976,0.6904306067062472,0.445750643495974,1.406396215033015
n200,200,10,2025,4_room,historical_mature,10,3678,1.2093657871155,0.6466246778913346,1.4655468626940222
n200,200,10,2025,4_room,historical_non_mature,10,6539,0.6818898016657976,0.445750643495974,1.1377980868066537
support5,100,5,2025,all_types,historical_mature,30,9110,1.1967679273127365,-0.5336139193801359,1.7485705793117163
support5,100,5,2025,all_types,historical_non_mature,35,13398,0.6892626163764862,-0.0009574651615485521,2.6392485889402817
support5,100,5,2025,4_room,historical_mature,12,4042,1.1967679273127365,-0.3922353531381122,1.4655468626940222
support5,100,5,2025,4_room,historical_non_mature,11,6683,0.674516986955109,0.445750643495974,1.1377980868066537
support15,100,15,2025,all_types,historical_mature,28,8812,1.2033638006836855,-0.3922353531381122,1.7485705793117163
support15,100,15,2025,all_types,historical_non_mature,31,12798,0.6892626163764862,0.07039849259631022,1.406396215033015
support15,100,15,2025,4_room,historical_mature,12,4042,1.1967679273127365,-0.3922353531381122,1.4655468626940222
support15,100,15,2025,4_room,historical_non_mature,11,6683,0.674516986955109,0.445750643495974,1.1377980868066537
previous_year,100,10,2024,all_types,historical_mature,30,9474,1.1808400391600828,-0.6108228181736042,1.6491469367089833
previous_year,100,10,2024,all_types,historical_non_mature,34,15315,0.705967073748346,-0.8504898510358525,1.480537617603987
previous_year,100,10,2024,4_room,historical_mature,12,4119,1.2077901666654915,-0.6108228181736042,1.5842803013672087
previous_year,100,10,2024,4_room,historical_non_mature,11,7746,0.6496723161236059,0.4778282253661105,1.0854521685656284
strict_lease_check,100,10,2025,all_types,historical_mature,29,8921,1.1985022392274036,-0.3929470919812033,1.7482409696255485
strict_lease_check,100,10,2025,all_types,historical_non_mature,32,12903,0.6905904875419604,0.07039849259631022,1.406396215033015
strict_lease_check,100,10,2025,4_room,historical_mature,12,4020,1.1973447764477485,-0.3929470919812033,1.4669988828930052
strict_lease_check,100,10,2025,4_room,historical_non_mature,11,6644,0.674516986955109,0.44593398712280763,1.147318810808203
