sale_year,town,flat_type,historical_group,n,lease_min_years,lease_max_years,n_months,status,beta_per_year,hc3_se,ci_low_beta,ci_high_beta,pct_per_year,ci_low_pct,ci_high_pct,residual_df,residual_lease_sd_years,lease_control_r2,condition_number,leverage_max,r2,residual_rmse_log,residual_abs_p95_log,residual_abs_fitted_corr
2025,ANG MO KIO,2 ROOM,historical_mature,17,50.583333333333336,60.166666666666664,10,small_n,,,,,,,,,,,,,,,,
2025,ANG MO KIO,3 ROOM,historical_mature,535,49.416666666666664,93.16666666666667,12,estimated,0.010619604027062666,0.00036288997582171486,0.009908339674452104,0.011330868379673228,1.0676192159029376,0.9957589799930238,1.1395305816182728,520,7.301782563839347,0.22905933087291586,5.767571452001416,0.08875927345279308,0.8088331765856066,0.055160388536751974,0.1084764269128948,-0.0185655132307836
2025,ANG MO KIO,4 ROOM,historical_mature,282,49.666666666666664,94.83333333333333,12,estimated,0.01262136704203628,0.00032158199965254134,0.011991066322717299,0.013251667761355262,1.2701352650048736,1.2063247379249182,1.3339860245839024,267,12.804402434971907,0.3642316597378831,5.809729857975819,0.14690756242014566,0.9375565160991364,0.06428283052773807,0.12051798780393329,-0.08081546079327712
2025,ANG MO KIO,5 ROOM,historical_mature,123,50.916666666666664,92.25,12,estimated,0.01289511214976194,0.0006809369059031041,0.011560475814191855,0.014229748485332023,1.2978612638475138,1.1627556359840767,1.4331473289733174,108,11.83878156842767,0.28711088076898583,9.859969195870244,0.3500244704261597,0.9028633599684454,0.07729725970633046,0.13550717417612018,0.08067690476656766
2025,ANG MO KIO,EXECUTIVE,historical_mature,14,52.416666666666664,70.5,8,small_n,,,,,,,,,,,,,,,,
2025,BEDOK,2 ROOM,historical_mature,25,51.583333333333336,90.83333333333333,9,small_n,,,,,,,,,,,,,,,,
2025,BEDOK,3 ROOM,historical_mature,498,45.666666666666664,95.16666666666667,12,estimated,0.01062540563900344,0.0002741968768595529,0.010087979760358716,0.011162831517648164,1.068205572710312,1.0139034965048512,1.122536840100136,483,11.222110835995013,0.07636650917943122,7.100510966580523,0.06015418697578391,0.8270698472955491,0.06292421951211749,0.11342707669299033,0.07095763673706822
2025,BEDOK,4 ROOM,historical_mature,447,48.166666666666664,95.16666666666667,12,estimated,0.01188035000038103,0.0002294826793107943,0.011430563948931874,0.012330136051830186,1.195120166128702,1.1496142473342046,1.240646557454516,432,14.822447577634776,0.09641615073012355,6.6359826972021505,0.06794010272926121,0.8949725205285023,0.06552966808439953,0.13586869707653582,0.07832274774509851
2025,BEDOK,5 ROOM,historical_mature,178,47.583333333333336,92.91666666666667,12,estimated,0.009797420380888006,0.0006159291960234372,0.00859019915668207,0.011004641605093943,0.9845572230109635,0.8627200792042047,1.1065415400210554,163,10.018914669572617,0.11130874814966751,6.774381178327596,0.1624084975745577,0.7010574487341135,0.08173705853118078,0.16981673335864356,-0.020245303713970045
2025,BEDOK,EXECUTIVE,historical_mature,59,50.916666666666664,70.75,11,small_n,,,,,,,,,,,,,,,,
2025,BISHAN,3 ROOM,historical_mature,61,46.916666666666664,62.416666666666664,12,small_n,,,,,,,,,,,,,,,,
2025,BISHAN,4 ROOM,historical_mature,178,47.833333333333336,85.33333333333333,12,estimated,0.011912915490720873,0.00191003287197169,0.008169251061656361,0.015656579919785387,1.198415688496771,0.8202710443747472,1.5779786324348632,163,4.58270125173336,0.3241446387851288,7.022561138060532,0.31205714913607374,0.5603736221634328,0.07985585040292842,0.1491047949817013,-0.08955526152557454
2025,BISHAN,5 ROOM,historical_mature,98,58.416666666666664,85.66666666666667,12,small_n,,,,,,,,,,,,,,,,
2025,BISHAN,EXECUTIVE,historical_mature,38,58.583333333333336,66.66666666666667,12,small_n,,,,,,,,,,,,,,,,
2025,BISHAN,MULTI-GENERATION,historical_mature,1,61.166666666666664,61.166666666666664,1,small_n,,,,,,,,,,,,,,,,
2025,BUKIT BATOK,2 ROOM,historical_non_mature,79,92.16666666666667,94.83333333333333,12,small_n,,,,,,,,,,,,,,,,
2025,BUKIT BATOK,3 ROOM,historical_non_mature,338,57.0,95.08333333333333,12,estimated,0.006391890184252021,0.0002443761950625456,0.005912912841929432,0.0068708675265746096,0.6412361908744226,0.5930428617133905,0.6894526090772964,323,11.639600342153061,0.21995198338297162,6.746899842191929,0.10188749356160884,0.8555675484630447,0.045220868672996864,0.08200452315508008,0.08817941993199761
2025,BUKIT BATOK,4 ROOM,historical_non_mature,548,56.916666666666664,95.33333333333333,12,estimated,0.006868980607188938,0.00015495165339398368,0.00656527536653673,0.007172685847841146,0.6892626163764862,0.6586874028037978,0.7198471172119946,533,13.984368262246832,0.19699828009731868,6.010028592548694,0.05426217330646574,0.8963671462952024,0.04916340614846316,0.09700322504729307,-0.13616760770305275
2025,BUKIT BATOK,5 ROOM,historical_non_mature,267,58.083333333333336,95.33333333333333,12,estimated,0.00791669959515082,0.0005430731444097896,0.006852276232107633,0.008981122958194008,0.7948119520698728,0.6875806792149759,0.9021574251647646,252,7.568695730326372,0.6896269225735178,6.358920994473202,0.15549782872910212,0.8422545509698394,0.05780330650809576,0.11702086268141673,-0.10810685315924716
2025,BUKIT BATOK,EXECUTIVE,historical_non_mature,72,58.25,72.0,12,small_n,,,,,,,,,,,,,,,,
2025,BUKIT MERAH,1 ROOM,historical_mature,5,48.5,49.25,5,small_n,,,,,,,,,,,,,,,,
2025,BUKIT MERAH,2 ROOM,historical_mature,29,40.5,92.75,11,small_n,,,,,,,,,,,,,,,,
2025,BUKIT MERAH,3 ROOM,historical_mature,349,40.75,93.5,12,estimated,0.012544253582097521,0.0004988493915254094,0.01156650877470772,0.013521998389487323,1.2623262755790894,1.163365948735499,1.3613834076860982,334,14.69152547548933,0.3168087991308379,6.605138395767376,0.09826964999485746,0.7818860902615574,0.1322861169556338,0.2669469430529237,-0.0743709952396892
2025,BUKIT MERAH,4 ROOM,historical_mature,383,43.75,93.41666666666667,12,estimated,0.011612081208206483,0.00046313154588325286,0.010704343378275307,0.01251981903813766,1.1679763145547057,1.0761839832651892,1.2598520070451653,368,12.145791631969058,0.22100248482969942,6.2133339386051825,0.07726918949548604,0.7963556188412448,0.09968614874854875,0.18276289703748283,0.0319178157224997
2025,BUKIT MERAH,5 ROOM,historical_mature,167,47.583333333333336,93.16666666666667,12,estimated,0.01214949225403576,0.0010825169159063431,0.010027759098859328,0.014271225409212194,1.2223597143213392,1.007820555576858,1.437354551154721,152,10.735169460204267,0.2539692930280907,6.026036826151612,0.2095567744205126,0.6732263796918736,0.13001269754076286,0.2420214387458353,-0.03730919723818064
2025,BUKIT PANJANG,2 ROOM,historical_non_mature,25,87.16666666666667,89.66666666666667,12,small_n,,,,,,,,,,,,,,,,
2025,BUKIT PANJANG,3 ROOM,historical_non_mature,101,60.833333333333336,90.58333333333333,12,estimated,0.004667134344906139,0.0005810397224104657,0.0035282964889816262,0.005805972200830652,0.46780423795551596,0.3534528254054851,0.5822859524053222,86,7.799455833778759,0.6646001692680557,7.352963479288921,0.3185380058378281,0.8961246303391749,0.03965484928578825,0.07716820856693118,-0.12102965960782229
2025,BUKIT PANJANG,4 ROOM,historical_non_mature,383,60.583333333333336,91.0,12,estimated,0.0059439937457072215,0.00031868825670716217,0.0053193647625611835,0.0065686227288532595,0.5961694329873691,0.53335377025018,0.6590243444647739,368,8.774264147676908,0.28962496151942785,6.195346872006964,0.07939138403385597,0.6626906400802535,0.08095892853493197,0.1787202553401302,0.05153843793205038
2025,BUKIT PANJANG,5 ROOM,historical_non_mature,209,61.083333333333336,91.0,12,estimated,0.006598203716830108,0.000864951578848672,0.004902898622286711,0.008293508811373505,0.6620019818941801,0.4914937496822658,0.8327995227447385,194,5.77644422080712,0.4605732368664355,6.0303053838983205,0.14622972035084814,0.44412130451506315,0.1045893754849775,0.18656014681486857,0.024961506068040325
2025,BUKIT PANJANG,EXECUTIVE,historical_non_mature,80,61.25,76.91666666666667,12,small_n,,,,,,,,,,,,,,,,
2025,BUKIT TIMAH,3 ROOM,historical_mature,10,47.416666666666664,62.833333333333336,9,small_n,,,,,,,,,,,,,,,,
2025,BUKIT TIMAH,4 ROOM,historical_mature,17,47.583333333333336,63.0,9,small_n,,,,,,,,,,,,,,,,
2025,BUKIT TIMAH,5 ROOM,historical_mature,18,47.416666666666664,63.25,8,small_n,,,,,,,,,,,,,,,,
2025,BUKIT TIMAH,EXECUTIVE,historical_mature,9,61.75,63.333333333333336,8,small_n,,,,,,,,,,,,,,,,
2025,CENTRAL AREA,2 ROOM,historical_mature,10,44.666666666666664,57.166666666666664,7,small_n,,,,,,,,,,,,,,,,
2025,CENTRAL AREA,3 ROOM,historical_mature,74,47.416666666666664,60.416666666666664,12,small_n,,,,,,,,,,,,,,,,
2025,CENTRAL AREA,4 ROOM,historical_mature,68,47.916666666666664,85.16666666666667,12,small_n,,,,,,,,,,,,,,,,
2025,CENTRAL AREA,5 ROOM,historical_mature,20,57.333333333333336,85.0,10,small_n,,,,,,,,,,,,,,,,
2025,CHOA CHU KANG,2 ROOM,historical_non_mature,13,84.83333333333333,91.33333333333333,9,small_n,,,,,,,,,,,,,,,,
2025,CHOA CHU KANG,3 ROOM,historical_non_mature,60,52.333333333333336,91.83333333333333,12,small_n,,,,,,,,,,,,,,,,
2025,CHOA CHU KANG,4 ROOM,historical_non_mature,481,51.5,92.16666666666667,12,estimated,0.006722522992251611,0.0002827838903861584,0.0061682665670947405,0.007276779417408481,0.674516986955109,0.6187329498240973,0.7303319513171382,466,7.91435840356327,0.4050386493837963,5.98462708196787,0.07554672203390161,0.7484158200862783,0.05387269185896855,0.1018420341522468,-0.12138678596323156
2025,CHOA CHU KANG,5 ROOM,historical_non_mature,376,52.333333333333336,92.16666666666667,12,estimated,0.008112212182011636,0.00036971756975895246,0.007387565745284088,0.008836858618739183,0.8145205330718186,0.7414921130849714,0.8876018920216879,361,7.3107242615639025,0.43271420857655996,6.069103471949254,0.0955327558029868,0.6125890220590683,0.05883251070414206,0.10973850749037606,-0.11811749933664493
2025,CHOA CHU KANG,EXECUTIVE,historical_non_mature,97,62.25,76.83333333333333,12,small_n,,,,,,,,,,,,,,,,
2025,CLEMENTI,2 ROOM,historical_mature,5,87.08333333333333,87.41666666666667,4,small_n,,,,,,,,,,,,,,,,
2025,CLEMENTI,3 ROOM,historical_mature,243,51.25,91.66666666666667,12,estimated,0.012743525440458623,0.0006127299481022929,0.01154257474217813,0.013944476138739116,1.2825070181782523,1.1609447304189537,1.4042153839506084,228,7.9798109968696656,0.40458545103414767,7.0804026282399235,0.18546444976789722,0.7784512998697453,0.08300107602739043,0.14631842927925226,-0.10900183062756037
2025,CLEMENTI,4 ROOM,historical_mature,209,51.166666666666664,95.0,12,estimated,0.013868521690660402,0.0004381243181497115,0.013009798027086968,0.014727245354233837,1.3965135752352833,1.3094793641409854,1.4836225567651649,194,14.296393529359253,0.3878345142689451,7.369988593008555,0.140452280364313,0.9304505333553847,0.08544608265709834,0.15557892617095276,-0.4395222974561023
2025,CLEMENTI,5 ROOM,historical_mature,84,51.416666666666664,94.91666666666667,12,small_n,,,,,,,,,,,,,,,,
2025,CLEMENTI,EXECUTIVE,historical_mature,11,51.5,59.166666666666664,7,small_n,,,,,,,,,,,,,,,,
2025,GEYLANG,2 ROOM,historical_mature,20,40.25,59.666666666666664,9,small_n,,,,,,,,,,,,,,,,
2025,GEYLANG,3 ROOM,historical_mature,305,40.166666666666664,94.5,12,estimated,0.013037095224258213,0.0003301971536368828,0.012389908803129924,0.013684281645386502,1.3122448667195676,1.2466981703015922,1.3778339977995018,290,13.653692092981512,0.268789461659272,6.337776464607448,0.0963890246992735,0.903116411058003,0.07308025042405372,0.13751469108008757,0.03962756994910307
2025,GEYLANG,4 ROOM,historical_mature,227,40.416666666666664,94.5,12,estimated,0.012825824655426442,0.0003790211446954987,0.012082943211823264,0.01356870609902962,1.290842832006583,1.2156236873724193,1.3661178763083415,212,14.501126074715538,0.21589038543637507,7.087248617513859,0.12657797555677844,0.8859650083391158,0.08462400657475705,0.16300203000298194,-0.28732750586132233
2025,GEYLANG,5 ROOM,historical_mature,71,49.666666666666664,79.41666666666667,12,small_n,,,,,,,,,,,,,,,,
2025,GEYLANG,EXECUTIVE,historical_mature,16,59.416666666666664,61.166666666666664,9,small_n,,,,,,,,,,,,,,,,
2025,HOUGANG,2 ROOM,historical_non_mature,65,85.75,94.91666666666667,12,small_n,,,,,,,,,,,,,,,,
2025,HOUGANG,3 ROOM,historical_non_mature,326,48.666666666666664,94.91666666666667,12,estimated,0.005841481343771285,0.000286738030881309,0.0052794748032439194,0.00640348788429865,0.585857606587316,0.5293435788419745,0.64240340451257,311,13.317044931680739,0.10344745221273788,5.962325471943028,0.09749573748215408,0.7723776838775644,0.05651795835387705,0.11358862079181353,0.14228572191700273
2025,HOUGANG,4 ROOM,historical_non_mature,597,49.083333333333336,95.0,12,estimated,0.005086493815251464,0.0002240103237128669,0.004647433580774245,0.005525554049728682,0.5099451986153897,0.4658249649380341,0.5540848079861258,582,13.134881343890616,0.15632561350022478,7.239530985481295,0.0500862374249126,0.6639094710612234,0.07150907350642237,0.15404554218400718,0.17855699305218195
2025,HOUGANG,5 ROOM,historical_non_mature,231,49.166666666666664,92.91666666666667,12,estimated,0.0073041466946560584,0.0008732340034177761,0.005592608047957217,0.0090156853413549,0.7330887039611254,0.5608275874733479,0.9056449044589047,216,7.733108385221,0.5334941559913364,6.654821355774355,0.11696281233789879,0.5438305053365293,0.0821331746924481,0.1675841948750092,0.12730355985063987
2025,HOUGANG,EXECUTIVE,historical_non_mature,94,57.833333333333336,73.75,12,small_n,,,,,,,,,,,,,,,,
2025,JURONG EAST,2 ROOM,historical_non_mature,12,86.83333333333333,87.83333333333333,8,small_n,,,,,,,,,,,,,,,,
2025,JURONG EAST,3 ROOM,historical_non_mature,181,40.416666666666664,94.16666666666667,12,estimated,0.0057712118604328734,0.0004929044803715876,0.004805119078904562,0.006737304641961185,0.5787897386727717,0.4816682176854761,0.6760051333984934,166,9.81901425869546,0.3406792226435057,5.856990654265037,0.18493677284974014,0.6997141923518045,0.07447620285814902,0.13521741434581713,-0.43697456691598496
2025,JURONG EAST,4 ROOM,historical_non_mature,144,52.083333333333336,90.75,12,estimated,0.005919598064887412,0.0007207173439515457,0.004506992070742383,0.007332204059032441,0.5937153508808103,0.4517163835117909,0.7359150485853558,129,8.682216346658933,0.4052713480082012,7.917240744160611,0.19056877456072524,0.7564320213976017,0.0671494283551515,0.11607673102212103,0.06412116968731985
2025,JURONG EAST,5 ROOM,historical_non_mature,102,51.25,77.33333333333333,12,estimated,0.010852007548374698,0.0012361679104565758,0.00842911844387981,0.013274896652869586,1.0911104161124288,0.8464743488307135,1.3363399280911599,87,6.8561168149196465,0.21228034320295786,6.697579978653079,0.28234039673531086,0.6443723522997438,0.08085349259706241,0.14278935003186868,-0.12149141157360381
2025,JURONG EAST,EXECUTIVE,historical_non_mature,42,58.166666666666664,72.91666666666667,11,small_n,,,,,,,,,,,,,,,,
2025,JURONG WEST,2 ROOM,historical_non_mature,30,44.416666666666664,93.5,11,small_n,,,,,,,,,,,,,,,,
2025,JURONG WEST,3 ROOM,historical_non_mature,353,43.416666666666664,93.25,12,estimated,0.008963464170323898,0.00027519369234010004,0.008424084533337301,0.009502843807310495,0.9003756311033654,0.8459666979780494,0.9548139192153084,338,14.278999070620403,0.10998017880874411,8.106327055897841,0.0829102521650552,0.8506202631546108,0.06007264183358272,0.10518609723146674,0.2787011451870738
2025,JURONG WEST,4 ROOM,historical_non_mature,609,44.25,93.58333333333333,12,estimated,0.0068805804890944115,0.0002737344007555714,0.006344061063613492,0.007417099914575331,0.6904306067062472,0.6364227241602962,0.7444674733048716,594,8.514343454237366,0.36907216228525097,6.171073941314739,0.04731972954080506,0.8089049702673963,0.0617973983729737,0.12604830373571546,0.023708295179153953
2025,JURONG WEST,5 ROOM,historical_non_mature,460,49.583333333333336,92.83333333333333,12,estimated,0.006569751987976724,0.0005443775660146509,0.0055027719585880085,0.00763673201736544,0.6591380146505554,0.5517940017562405,0.7665966225873423,445,6.496301227115284,0.4702578055905774,5.9735299724254345,0.08637194460953239,0.6374173352795405,0.07518711447839178,0.14780689103556857,0.19067116160744776
2025,JURONG WEST,EXECUTIVE,historical_non_mature,139,58.833333333333336,76.58333333333333,12,estimated,0.008026552411940299,0.002297205628714171,0.003524029379660523,0.012529075444220075,0.8058851542806648,0.35302460716515666,1.2607893136932269,124,3.0217846659991365,0.7233050441707155,6.848484353630069,0.200279066685137,0.4224803786856397,0.07282802411128082,0.14049934548152068,-0.04691842049352503
2025,KALLANG/WHAMPOA,2 ROOM,historical_mature,17,43.666666666666664,60.0,9,small_n,,,,,,,,,,,,,,,,
2025,KALLANG/WHAMPOA,3 ROOM,historical_mature,330,42.25,94.33333333333333,12,estimated,0.011265173899795429,0.0004223496268508009,0.01043736863116786,0.012092979168422998,1.1328864910040568,1.0492027964156974,1.216639488076218,315,14.460966923608172,0.26620626723787333,6.29568834479321,0.45144873280365283,0.790489238145182,0.11296983864599194,0.2003336053121501,0.08122610295580363
2025,KALLANG/WHAMPOA,4 ROOM,historical_mature,317,45.75,94.41666666666667,12,estimated,0.011717577837718594,0.00043196309082227954,0.010870930179706926,0.012564225495730262,1.1786497580667112,1.0930233440245563,1.2643486982094734,302,14.143367509835794,0.20463476481247433,6.380645866258744,0.15111294314099888,0.8429327513442224,0.09669425681312208,0.18943574115133363,-0.02522751734799833
2025,KALLANG/WHAMPOA,5 ROOM,historical_mature,117,45.333333333333336,90.83333333333333,12,estimated,0.015146196138204861,0.0009273389730324793,0.013328611751061202,0.01696378052534852,1.5261481074299297,1.3417833657368614,1.7108482523185082,102,10.355841853434875,0.4007468144598343,8.797416914663675,0.20486097730841266,0.820478393072793,0.10995261433757153,0.19593233905369584,-0.03661319159907803
2025,KALLANG/WHAMPOA,EXECUTIVE,historical_mature,13,57.916666666666664,62.0,7,small_n,,,,,,,,,,,,,,,,
2025,MARINE PARADE,2 ROOM,historical_mature,2,48.333333333333336,48.666666666666664,2,small_n,,,,,,,,,,,,,,,,
2025,MARINE PARADE,3 ROOM,historical_mature,86,48.166666666666664,50.25,12,small_n,,,,,,,,,,,,,,,,
2025,MARINE PARADE,4 ROOM,historical_mature,33,48.25,50.583333333333336,11,small_n,,,,,,,,,,,,,,,,
2025,MARINE PARADE,5 ROOM,historical_mature,41,48.166666666666664,51.166666666666664,12,small_n,,,,,,,,,,,,,,,,
2025,PASIR RIS,2 ROOM,historical_mature,15,67.41666666666667,89.66666666666667,10,small_n,,,,,,,,,,,,,,,,
2025,PASIR RIS,3 ROOM,historical_mature,23,53.916666666666664,89.5,8,small_n,,,,,,,,,,,,,,,,
2025,PASIR RIS,4 ROOM,historical_mature,248,62.083333333333336,89.66666666666667,12,estimated,0.009050540936952843,0.0007162546359236206,0.007646681850542547,0.010454400023363139,0.909162092107723,0.7675992384014835,1.0509238196752126,233,5.750420286797299,0.5460224340462008,6.914363099155223,0.15822507270400665,0.8371133665514813,0.05981071328087637,0.10905431020497529,0.005878696586372566
2025,PASIR RIS,5 ROOM,historical_mature,204,54.666666666666664,89.5,12,estimated,0.008603450306841837,0.0013028097555736944,0.006049943185917396,0.011156957427766278,0.8640566351089287,0.6068281054563024,1.1219428389742625,189,4.142708411470551,0.2469909986890595,7.0036949413415694,0.21600926382938457,0.6128038652142356,0.0547642717766958,0.1048560596033,0.15790648926384107
2025,PASIR RIS,EXECUTIVE,historical_mature,144,62.0,70.58333333333333,12,narrow_support,,,,,,,,,,,,,,,,
2025,PUNGGOL,2 ROOM,historical_non_mature,76,85.66666666666667,95.0,11,small_n,,,,,,,,,,,,,,,,
2025,PUNGGOL,3 ROOM,historical_non_mature,203,85.66666666666667,95.0,12,narrow_support,,,,,,,,,,,,,,,,
2025,PUNGGOL,4 ROOM,historical_non_mature,775,76.08333333333333,95.0,12,estimated,0.005574261315858075,0.0006262426044256386,0.004346825811183824,0.006801696820532327,0.5589826418343461,0.43562869621914774,0.6824880894224634,760,4.094384935474712,0.15957391495086248,6.942175086310414,0.050939411339476215,0.38258709323905504,0.06395659283393243,0.12597278886745308,0.028806404103359422
2025,PUNGGOL,5 ROOM,historical_non_mature,456,75.83333333333333,94.91666666666667,12,estimated,0.013965982223310297,0.0004973942761202641,0.01299108944211458,0.014940875004506015,1.406396215033015,1.3075840248674064,1.505304783461113,441,6.081588931195225,0.2063728976748448,6.988147744932734,0.39243086830103974,0.7335013921966611,0.06601506550841273,0.13330129304992644,0.35077551020015757
2025,PUNGGOL,EXECUTIVE,historical_non_mature,28,76.83333333333333,78.33333333333333,10,small_n,,,,,,,,,,,,,,,,
2025,QUEENSTOWN,2 ROOM,historical_mature,20,40.166666666666664,94.91666666666667,9,small_n,,,,,,,,,,,,,,,,
2025,QUEENSTOWN,3 ROOM,historical_mature,264,40.083333333333336,94.91666666666667,12,estimated,0.012010701018889729,0.00040912944059454977,0.011208807315324412,0.012812594722455046,1.2083119128706001,1.1271861362711366,1.2895027698097856,249,15.844034666142244,0.369272682643089,6.103341024054391,0.1501851709750358,0.8828067567597806,0.10576981157890995,0.18976941988959162,-0.06709499626165859
2025,QUEENSTOWN,4 ROOM,historical_mature,250,41.166666666666664,95.0,12,estimated,0.012161857961034368,0.0006801593371345984,0.010828745660250556,0.01349497026181818,1.2236114081022975,1.088758873362352,1.3586438362975435,235,11.278350236297033,0.16726967358329625,5.8343392345508525,0.16979961889724587,0.8384414375457739,0.08300089731605509,0.14841624955415253,-0.2652730840488088
2025,QUEENSTOWN,5 ROOM,historical_mature,65,48.25,94.91666666666667,12,small_n,,,,,,,,,,,,,,,,
2025,QUEENSTOWN,EXECUTIVE,historical_mature,6,69.0,69.75,4,small_n,,,,,,,,,,,,,,,,
2025,SEMBAWANG,2 ROOM,historical_non_mature,131,84.66666666666667,95.08333333333333,12,estimated,0.007912965665728093,0.0021160041579480547,0.0037655975161499065,0.01206033381530628,0.7944355920585181,0.3772696286050052,1.213335289072507,116,1.737595093026772,0.3091496852813216,6.414170406879139,0.34451588435297503,0.6657255048840081,0.05186167816611594,0.09682705600524422,-0.10612305140733584
2025,SEMBAWANG,3 ROOM,historical_non_mature,113,88.41666666666667,95.08333333333333,12,narrow_support,,,,,,,,,,,,,,,,
2025,SEMBAWANG,4 ROOM,historical_non_mature,545,72.33333333333333,95.08333333333333,12,estimated,0.011313738483573983,0.0003295934456125253,0.010667735330173433,0.011959741636974533,1.1377980868066537,1.0724838491877322,1.2031545312604455,530,8.197602137369177,0.07316034746959188,5.9691191472802645,0.06171717863390625,0.6518371677561423,0.07292617147634878,0.15846321291512735,0.27517480398119903
2025,SEMBAWANG,5 ROOM,historical_non_mature,325,72.0,95.08333333333333,12,estimated,0.011832755436946254,0.0002888623120716787,0.011266585305285765,0.012398925568606743,1.190303943176589,1.1330292306160354,1.2476110921500914,310,9.000490434634312,0.05237317143043707,6.248558580425525,0.08341038940466126,0.829020593015402,0.05242745808374794,0.10034151539392869,-0.1497551257714109
2025,SEMBAWANG,EXECUTIVE,historical_non_mature,77,72.0,76.83333333333333,12,small_n,,,,,,,,,,,,,,,,
2025,SENGKANG,2 ROOM,historical_non_mature,90,85.5,95.25,12,small_n,,,,,,,,,,,,,,,,
2025,SENGKANG,3 ROOM,historical_non_mature,153,81.0,95.25,12,estimated,0.0013598493356131482,0.0014556884154421515,-0.0014932999586534687,0.0042129986298797654,0.13607743499667976,-0.14921855410591509,0.4221885784748278,138,2.6342324117897142,0.27552385574816207,5.685702395985519,0.30116307344372506,0.5506783251809237,0.05242717294854575,0.10620640485136157,0.05450166413921406
2025,SENGKANG,4 ROOM,historical_non_mature,940,72.16666666666667,95.25,12,estimated,0.007785748920686164,0.0003649566216841368,0.007070433942185256,0.008501063899187072,0.7816136676431952,0.7095488474247178,0.8537300553482967,925,6.965809784962416,0.05276937983296737,6.114678746688301,0.03675144378804136,0.40094413962822917,0.09657235022048552,0.21690719816599388,0.16308607578942597
2025,SENGKANG,5 ROOM,historical_non_mature,642,72.0,95.08333333333333,12,estimated,0.012200600700612631,0.0004317176328858427,0.01135443414015638,0.013046767261068883,1.2275331640875478,1.141914039655228,1.3132247672200992,627,7.589730121997794,0.0383098414125691,6.49590072617558,0.04308617523364297,0.6555129005147335,0.07599906734004248,0.14886834420737607,0.23773505840105202
2025,SENGKANG,EXECUTIVE,historical_non_mature,80,72.08333333333333,77.33333333333333,12,small_n,,,,,,,,,,,,,,,,
2025,SERANGOON,2 ROOM,historical_mature,1,51.75,51.75,1,small_n,,,,,,,,,,,,,,,,
2025,SERANGOON,3 ROOM,historical_mature,94,51.5,62.666666666666664,12,small_n,,,,,,,,,,,,,,,,
2025,SERANGOON,4 ROOM,historical_mature,186,51.75,73.16666666666667,12,estimated,-0.003930066134303126,0.0026757244238057288,-0.009174486004962354,0.0013143537363561018,-0.3922353531381122,-0.9132528818148719,0.1315217877782605,171,3.8884707284793687,0.23388964256141265,6.114178106231369,0.13067229469638642,0.2808092818571506,0.11490934461083496,0.20916362760692309,-0.010318469183634335
2025,SERANGOON,5 ROOM,historical_mature,65,58.333333333333336,73.5,12,small_n,,,,,,,,,,,,,,,,
2025,SERANGOON,EXECUTIVE,historical_mature,56,58.75,72.08333333333333,12,small_n,,,,,,,,,,,,,,,,
2025,TAMPINES,2 ROOM,historical_mature,13,82.58333333333333,89.66666666666667,9,small_n,,,,,,,,,,,,,,,,
2025,TAMPINES,3 ROOM,historical_mature,352,55.666666666666664,94.91666666666667,12,estimated,0.00697486869901469,0.00019188097734500407,0.006598781983418483,0.007350955414610898,0.6999249747607057,0.6620601913834755,0.7378040012581095,337,12.549943770440839,0.2867966414784746,6.503513783833493,0.09840007219163178,0.8793812131392521,0.052394842772308846,0.10039258985510861,0.1676648945006738
2025,TAMPINES,4 ROOM,historical_mature,892,55.916666666666664,95.0,12,estimated,0.006445430293376757,0.0001849605289922825,0.006082907656551883,0.006807952930201631,0.6466246778913346,0.6101446109501372,0.6831179720800346,877,12.28624161602607,0.32026253794758797,6.302283113251254,0.03749559263280809,0.8360924540585919,0.06432901087601627,0.12457064480024183,-0.07620659770477277
2025,TAMPINES,5 ROOM,historical_mature,509,56.083333333333336,94.91666666666667,12,estimated,0.004876862675698852,0.000332702506070335,0.004224765763800996,0.005528959587596708,0.4888773925782795,0.42337026676902234,0.5544272493128223,494,8.679648394076901,0.624347348001024,6.073464201657761,0.07043379830632251,0.8284933866928199,0.06715773056580804,0.1273194261177401,-0.13177624364556004
2025,TAMPINES,EXECUTIVE,historical_mature,154,57.75,71.75,12,estimated,0.0005340256673036263,0.0017635128997774614,-0.002922459616260198,0.003990510950867451,0.05341682843962288,-0.29181933881276106,0.3998483641200411,139,3.8706618342625982,0.1916458558771419,6.776908837305986,0.26745178809845116,0.12636899065556984,0.07756403707243029,0.1300782622383795,0.12306187369281091
2025,TAMPINES,MULTI-GENERATION,historical_mature,1,61.416666666666664,61.416666666666664,1,small_n,,,,,,,,,,,,,,,,
2025,TOA PAYOH,2 ROOM,historical_mature,25,40.666666666666664,57.5,10,small_n,,,,,,,,,,,,,,,,
2025,TOA PAYOH,3 ROOM,historical_mature,424,40.583333333333336,95.25,12,estimated,0.013641644837934397,0.0002262149343075037,0.01319826356669169,0.014085026109177104,1.3735116627573642,1.3285745091683072,1.4184687450563873,409,16.534395069443793,0.21979534330982042,6.631369899866527,0.10558850191928859,0.910125845590002,0.08656665761745787,0.16562958291037017,-0.04025256175335178
2025,TOA PAYOH,4 ROOM,historical_mature,423,46.666666666666664,95.25,12,estimated,0.014549115094616179,0.0002720299126004212,0.014015936465919353,0.015082293723313005,1.4655468626940222,1.4114620212798543,1.5196605486787402,408,15.299209561711022,0.13019490154247504,7.289479534995679,0.061559238818826384,0.9203101852078748,0.0781468254174413,0.14446940824445917,-0.18098099432614465
2025,TOA PAYOH,5 ROOM,historical_mature,172,48.75,94.58333333333333,12,estimated,0.01733458987536105,0.0005715491637747664,0.016214353514362505,0.018454826236359592,1.7485705793117163,1.6346519506774608,1.8626168952425863,157,10.87753393690763,0.3132634259959408,7.468649073891004,0.21593359247807858,0.897050033184559,0.08549297492537097,0.16577158167661765,-0.08344956294945866
2025,TOA PAYOH,EXECUTIVE,historical_mature,19,57.5,66.91666666666667,11,small_n,,,,,,,,,,,,,,,,
2025,WOODLANDS,2 ROOM,historical_non_mature,41,58.166666666666664,93.91666666666667,12,small_n,,,,,,,,,,,,,,,,
2025,WOODLANDS,3 ROOM,historical_non_mature,201,47.666666666666664,93.91666666666667,12,estimated,0.008308249139325966,0.00022859059039000046,0.007860211582161564,0.008756286696490367,0.83428584223246,0.7891184142329083,0.8794735114701949,186,16.126281802775466,0.14447626365509825,5.390142433595108,0.15418469369225946,0.9069198068840135,0.052060347417383676,0.10075651394567942,-0.15740893498152964
2025,WOODLANDS,4 ROOM,historical_non_mature,836,48.083333333333336,93.91666666666667,12,estimated,0.007775722940131941,0.00020409947770926333,0.007375687963821784,0.008175757916442096,0.7806032382096215,0.7402955347638278,0.8209270693722188,821,9.660319923335019,0.11777676143647209,6.232505545955811,0.04658648005794075,0.7866868756844811,0.05191441395246678,0.09501801428711554,0.06465626311617426
2025,WOODLANDS,5 ROOM,historical_non_mature,515,48.5,93.91666666666667,12,estimated,0.008294367145530687,0.0005210673977923169,0.007273075045857746,0.009315659245203629,0.8328860710178767,0.7299588094322901,0.9359185050993402,500,6.528159897316953,0.33417503549008754,6.62939548509374,0.07965037123004003,0.6314339734235782,0.0562089739527672,0.10585038023637626,-0.017315804511539367
2025,WOODLANDS,EXECUTIVE,historical_non_mature,155,59.083333333333336,75.5,12,estimated,0.0007037372448108254,0.0015459660026739153,-0.0023263561204300482,0.0037338306100516993,0.07039849259631022,-0.2323652251157874,0.37408100395295685,140,2.4312720601228848,0.33797919189688164,5.939427786887847,0.1975289051584218,0.38608783787273004,0.05067584020976606,0.09735498197191507,-0.07551434451719813
2025,YISHUN,2 ROOM,historical_non_mature,71,73.91666666666667,94.91666666666667,12,small_n,,,,,,,,,,,,,,,,
2025,YISHUN,3 ROOM,historical_non_mature,472,55.583333333333336,94.91666666666667,12,estimated,0.004759569872496466,0.00018816186142893472,0.004390772624095754,0.005128367120897178,0.47709146167419236,0.4400426189913613,0.5141539703881037,457,12.92984203000163,0.10752221104711301,6.342358036849318,0.0650174544563522,0.714463071576821,0.05561742022277745,0.10527919325924263,-0.033581903741747826
2025,YISHUN,4 ROOM,historical_non_mature,825,55.5,95.08333333333333,12,estimated,0.004447601177409034,0.00013144775040990466,0.004189963586605621,0.004705238768212447,0.445750643495974,0.41987537565770416,0.47163257863474795,810,14.296788572432252,0.08113512921980937,6.310729772107557,0.031177527682456397,0.6719149471082824,0.061235492316283585,0.10928840770295692,-0.06989732947261747
2025,YISHUN,5 ROOM,historical_non_mature,266,55.75,92.91666666666667,12,estimated,0.0045897034557564505,0.00047880284269598457,0.0036512498840723206,0.00552815702744058,0.4600252277141807,0.36579238171906864,0.5543465483683734,251,7.419137182566493,0.7386413476620042,6.0106279784580705,0.1300678772028663,0.6942099977148675,0.06044370097181858,0.11595146959283387,0.019579209111856614
2025,YISHUN,EXECUTIVE,historical_non_mature,67,58.416666666666664,66.33333333333333,12,small_n,,,,,,,,,,,,,,,,
2025,YISHUN,MULTI-GENERATION,historical_non_mature,2,61.5,61.5,2,small_n,,,,,,,,,,,,,,,,
