town,historical_group,asof,source
ANG MO KIO,historical_mature,2023-08-20,HDB Annex A
BEDOK,historical_mature,2023-08-20,HDB Annex A
BISHAN,historical_mature,2023-08-20,HDB Annex A
BUKIT BATOK,historical_non_mature,2023-08-20,HDB Annex A
BUKIT MERAH,historical_mature,2023-08-20,HDB Annex A
BUKIT PANJANG,historical_non_mature,2023-08-20,HDB Annex A
BUKIT TIMAH,historical_mature,2023-08-20,HDB Annex A
CENTRAL AREA,historical_mature,2023-08-20,HDB Annex A
CHOA CHU KANG,historical_non_mature,2023-08-20,HDB Annex A
CLEMENTI,historical_mature,2023-08-20,HDB Annex A
GEYLANG,historical_mature,2023-08-20,HDB Annex A
HOUGANG,historical_non_mature,2023-08-20,HDB Annex A
JURONG EAST,historical_non_mature,2023-08-20,HDB Annex A
JURONG WEST,historical_non_mature,2023-08-20,HDB Annex A
KALLANG/WHAMPOA,historical_mature,2023-08-20,HDB Annex A
MARINE PARADE,historical_mature,2023-08-20,HDB Annex A
PASIR RIS,historical_mature,2023-08-20,HDB Annex A
PUNGGOL,historical_non_mature,2023-08-20,HDB Annex A
QUEENSTOWN,historical_mature,2023-08-20,HDB Annex A
SEMBAWANG,historical_non_mature,2023-08-20,HDB Annex A
SENGKANG,historical_non_mature,2023-08-20,HDB Annex A
SERANGOON,historical_mature,2023-08-20,HDB Annex A
TAMPINES,historical_mature,2023-08-20,HDB Annex A
TENGAH,historical_non_mature,2023-08-20,HDB Annex A
TOA PAYOH,historical_mature,2023-08-20,HDB Annex A
WOODLANDS,historical_non_mature,2023-08-20,HDB Annex A
YISHUN,historical_non_mature,2023-08-20,HDB Annex A
